OCCUPATION,SALARY,INSTALLMENT,TENOR,USIA,MERK,STATUS
O3,1790400,440000,35,46,KAWASAKI,LUNAS
O3,1650000,506000,35,51,HONDA,TARIKAN
O3,1942000,435000,36,44,HONDA,LUNAS
O2,1104000,364000,36,32,HONDA,LUNAS
O2,773452,175000,12,31,HONDA,LUNAS
O3,4751600,746000,18,36,HONDA,LUNAS
O2,1375000,440000,36,44,KAWASAKI,LUNAS
O3,3600000,478000,36,43,SUZUKI,LUNAS
O2,786910,502000,36,48,SUZUKI,LUNAS
O4,6380000,750000,18,53,SUZUKI,LUNAS
O2,5000000,627000,12,51,HONDA,LUNAS
O3,1632000,396000,36,61,SUZUKI,LUNAS
O3,2826800,547000,24,59,HONDA,LUNAS
O2,873975,483000,36,41,HONDA,LUNAS
O3,3090000,340000,36,62,SUZUKI,LUNAS
O4,5920000,431000,24,41,KAWASAKI,LUNAS
O2,5988600,580000,29,37,SUZUKI,LUNAS
O3,2111600,509000,24,41,SUZUKI,LUNAS
O3,4143750,1159000,11,52,HONDA,LUNAS
O3,1688160,491000,24,54,YAMAHA,LUNAS
O2,1315676,387000,36,42,SUZUKI,LUNAS
O3,1880000,584000,24,32,HONDA,LUNAS
O2,1152550,199000,36,36,KAWASAKI,LUNAS
O3,2090000,502000,36,29,SUZUKI,LUNAS
O1,1339100,340000,36,55,SUZUKI,LUNAS
O2,6422550,400000,35,29,SUZUKI,LUNAS
O3,1727600,494000,35,59,KAWASAKI,LUNAS
O2,15252000,488000,36,39,SUZUKI,LUNAS
O3,1562200,458000,35,57,KAWASAKI,LUNAS
O2,1169710,400000,35,29,SUZUKI,LUNAS
O1,774700,459000,35,41,KAWASAKI,LUNAS
O1,2102600,645000,17,40,SUZUKI,LUNAS
O3,951893,431000,36,53,KAWASAKI,LUNAS
O3,2115000,436000,36,59,KAWASAKI,LUNAS
O3,1985600,410000,35,37,SUZUKI,LUNAS
O3,2076000,506000,29,50,KAWASAKI,LUNAS
O3,1492000,412000,36,41,KAWASAKI,LUNAS
O3,1758000,401000,35,45,SUZUKI,LUNAS
O3,1684000,506000,35,39,HONDA,LUNAS
O3,1790720,436000,36,27,KAWASAKI,LUNAS
O3,4846500,462000,30,47,YAMAHA,LUNAS
O3,2682500,671000,36,56,KAWASAKI,LUNAS
O3,2316000,396000,36,44,SUZUKI,LUNAS
O2,1709300,487000,24,41,YAMAHA,LUNAS
O2,1156000,354000,36,57,YAMAHA,LUNAS
O3,2305200,565000,29,62,SUZUKI,LUNAS
O3,1911600,577000,24,46,HONDA,LUNAS
O2,1580000,503000,24,35,SUZUKI,LUNAS
O3,1713000,363000,36,58,SUZUKI,LUNAS
O3,1303500,366000,36,47,KAWASAKI,LUNAS
O2,1513758,464000,36,43,YAMAHA,LUNAS
O3,2031200,623000,18,41,SUZUKI,LUNAS
O2,1400000,473000,36,27,KAWASAKI,LUNAS
O3,1486000,382000,36,28,YAMAHA,LUNAS
O3,1209000,314000,24,40,KAWASAKI,LUNAS
O3,1412000,459000,36,29,KAWASAKI,TARIKAN
O2,1300000,413000,30,30,KAWASAKI,LUNAS
O2,1478000,491000,24,27,SUZUKI,LUNAS
O3,3020000,927000,12,26,KAWASAKI,LUNAS
O1,970000,496000,35,53,SUZUKI,LUNAS
O3,1298200,408000,36,42,KAWASAKI,LUNAS
O3,3000000,483000,36,49,HONDA,LUNAS
O2,2146050,580000,36,44,HONDA,LUNAS
O3,2150000,692000,12,41,SUZUKI,LUNAS
O2,1765000,521000,23,50,SUZUKI,LUNAS
O3,1532400,481000,24,48,KAWASAKI,LUNAS
O1,1054600,370000,36,45,SUZUKI,LUNAS
O3,1816000,462000,36,57,SUZUKI,LUNAS
O3,1560000,440000,36,51,SUZUKI,LUNAS
O3,3170000,518000,24,52,SUZUKI,LUNAS
O3,1840000,392000,35,41,SUZUKI,LUNAS
O3,1911000,607000,24,37,SUZUKI,LUNAS
O3,1492240,472000,24,28,SUZUKI,LUNAS
O3,1525200,397000,36,43,KAWASAKI,LUNAS
O3,1462500,370000,36,36,SUZUKI,LUNAS
O3,1618000,373000,36,48,SUZUKI,LUNAS
O3,823200,404000,36,52,SUZUKI,LUNAS
O3,1360640,390000,24,36,SUZUKI,LUNAS
O3,2580000,524000,30,35,SUZUKI,LUNAS
O3,810800,281000,36,61,SUZUKI,LUNAS
O2,1286328,364000,36,34,SUZUKI,LUNAS
O1,1524200,497000,36,62,SUZUKI,LUNAS
O1,1114400,494000,35,44,KAWASAKI,LUNAS
O2,1605000,464000,35,37,KAWASAKI,LUNAS
O2,1259300,553000,29,31,KAWASAKI,LUNAS
O3,1686080,480000,35,30,SUZUKI,LUNAS
O3,1836480,539000,29,48,SUZUKI,LUNAS
O3,1539600,423000,36,37,KAWASAKI,TARIKAN
O2,2146050,609000,35,36,YAMAHA,TARIKAN
O3,1797600,536000,24,53,SUZUKI,LUNAS
O3,4248000,388000,35,35,SUZUKI,LUNAS
O3,2380000,795000,17,32,SUZUKI,LUNAS
O3,1560000,459000,35,51,KAWASAKI,LUNAS
O3,3336000,1008000,12,46,KAWASAKI,LUNAS
O3,1330000,391000,36,38,KAWASAKI,LUNAS
O3,1612800,450000,35,49,KAWASAKI,LUNAS
O3,2704000,803000,12,45,SUZUKI,LUNAS
O2,1516510,485000,35,27,SUZUKI,LUNAS
O1,1203700,394000,24,52,SUZUKI,LUNAS
O3,992500,330000,36,33,SUZUKI,LUNAS
O2,1204400,373000,36,39,SUZUKI,LUNAS
O2,1500000,485000,35,50,SUZUKI,LUNAS
O2,1101000,286000,30,43,SUZUKI,LUNAS
O3,4989600,1134000,11,36,SUZUKI,LUNAS
O3,1475200,386000,30,33,KAWASAKI,LUNAS
O2,1360000,388000,35,56,SUZUKI,LUNAS
O3,1850000,641000,24,45,SUZUKI,LUNAS
O3,1247500,388000,35,55,SUZUKI,TARIKAN
O2,1892000,485000,35,38,SUZUKI,LUNAS
O3,2947000,1102000,11,40,SUZUKI,LUNAS
O3,2830400,445000,36,36,HONDA,LUNAS
O1,1030700,300000,36,44,SUZUKI,LUNAS
O3,1855000,379000,36,55,KAWASAKI,LUNAS
O3,2000000,423000,36,31,KAWASAKI,LUNAS
O3,1768000,452000,36,38,KAWASAKI,LUNAS
O2,874400,485000,35,49,SUZUKI,LUNAS
O1,1675000,485000,35,49,SUZUKI,LUNAS
O1,1368600,392000,35,38,SUZUKI,LUNAS
O3,3880000,312000,18,50,HONDA,LUNAS
O3,1594000,441000,36,52,KAWASAKI,TARIKAN
O3,1982000,476000,35,50,SUZUKI,LUNAS
O2,917200,624000,23,31,SUZUKI,LUNAS
O3,1890000,285000,36,50,SUZUKI,LUNAS
O2,1252500,383000,35,36,SUZUKI,LUNAS
O5,15316500,632000,23,40,KAWASAKI,LUNAS
O2,1208550,400000,36,32,SUZUKI,LUNAS
O1,840400,502000,23,58,SUZUKI,TARIKAN
O2,3413700,450000,35,54,KAWASAKI,LUNAS
O3,1720000,389000,35,54,SUZUKI,TARIKAN
O3,1695500,389000,35,39,SUZUKI,TARIKAN
O3,1748000,400000,36,49,SUZUKI,LUNAS
O3,3000000,475000,24,43,SUZUKI,LUNAS
O3,1739000,427000,36,40,KAWASAKI,LUNAS
O3,1698848,507000,35,53,KAWASAKI,TARIKAN
O1,2046300,389000,35,62,SUZUKI,LUNAS
O2,3184221,534000,24,48,HONDA,LUNAS
O3,1727000,458000,30,29,KAWASAKI,TARIKAN
O1,1614100,392000,35,55,SUZUKI,LUNAS
O2,978800,435000,29,34,SUZUKI,LUNAS
O3,4660000,1224000,11,43,SUZUKI,LUNAS
O3,2760000,303000,36,40,SUZUKI,LUNAS
O2,875500,476000,35,32,SUZUKI,LUNAS
O3,3587120,392000,35,41,SUZUKI,TARIKAN
O2,1176000,392000,35,39,SUZUKI,LUNAS
O3,2215000,392000,35,51,SUZUKI,LUNAS
O2,861964,468000,36,28,HONDA,LUNAS
O3,1530000,499000,30,37,SUZUKI,LUNAS
O3,4010000,379000,36,40,SUZUKI,LUNAS
O3,1720144,563000,29,48,KAWASAKI,LUNAS
O2,2150000,475000,36,38,KAWASAKI,LUNAS
O2,1215400,374000,36,55,SUZUKI,LUNAS
O3,1750000,270000,30,35,SUZUKI,LUNAS
O3,1511710,413000,36,56,SUZUKI,LUNAS
O3,1500000,464000,35,35,KAWASAKI,LUNAS
O2,3045750,624000,23,45,SUZUKI,LUNAS
O3,1281000,404000,36,57,SUZUKI,LUNAS
O3,1508750,488000,18,41,HONDA,LUNAS
O3,1478000,435000,36,44,HONDA,LUNAS
O3,1896200,595000,24,44,SUZUKI,LUNAS
O3,2612800,464000,35,36,KAWASAKI,TARIKAN
O3,2093095,632000,23,40,KAWASAKI,LUNAS
O1,1380400,450000,35,62,KAWASAKI,LUNAS
O3,2370000,444000,36,53,SUZUKI,LUNAS
O2,1240000,404000,30,34,SUZUKI,LUNAS
O3,2396000,379000,36,48,SUZUKI,LUNAS
O3,1135000,348000,36,44,SUZUKI,LUNAS
O3,1826200,392000,35,42,SUZUKI,LUNAS
O3,4631200,650000,23,37,KAWASAKI,LUNAS
O3,1592700,466000,30,43,KAWASAKI,LUNAS
O3,1147000,379000,36,42,SUZUKI,LUNAS
O3,3640000,798000,12,39,HONDA,LUNAS
O3,2140000,389000,35,31,SUZUKI,TARIKAN
O2,1366670,459000,35,45,KAWASAKI,LUNAS
O3,2156800,700000,18,30,SUZUKI,LUNAS
O3,2730000,787000,17,37,YAMAHA,LUNAS
O2,2150350,650000,23,46,KAWASAKI,LUNAS
O2,1960000,412000,24,31,KAWASAKI,LUNAS
O2,1223415,392000,35,35,SUZUKI,LUNAS
O3,1273270,334000,36,52,SUZUKI,LUNAS
O3,921400,392000,35,43,SUZUKI,LUNAS
O4,5489600,1171000,11,51,KAWASAKI,LUNAS
O3,1196000,392000,35,42,SUZUKI,LUNAS
O3,1596000,464000,35,49,KAWASAKI,LUNAS
O2,1550000,464000,35,57,KAWASAKI,LUNAS
O3,1416666,414000,36,43,KAWASAKI,TARIKAN
O3,1327000,459000,35,49,KAWASAKI,LUNAS
O3,1220000,392000,35,38,SUZUKI,LUNAS
O2,1340000,424000,24,39,KAWASAKI,LUNAS
O3,1593750,450000,35,41,KAWASAKI,LUNAS
O3,1500000,498000,35,26,KAWASAKI,LUNAS
O3,1804320,479000,36,55,KAWASAKI,LUNAS
O3,2356000,473000,36,33,SUZUKI,LUNAS
O2,1176500,498000,35,52,KAWASAKI,LUNAS
O2,1545100,423000,29,34,SUZUKI,LUNAS
O2,833300,404000,36,29,KAWASAKI,LUNAS
O3,2418250,793000,12,50,SUZUKI,LUNAS
O2,1202640,388000,36,49,HONDA,LUNAS
O3,1940000,370000,36,50,SUZUKI,LUNAS
O2,6180000,360000,36,27,SUZUKI,LUNAS
O2,5000000,330000,36,49,SUZUKI,LUNAS
O3,1176250,389000,35,40,SUZUKI,LUNAS
O3,1401920,334000,36,39,SUZUKI,LUNAS
O2,1104144,348000,36,29,SUZUKI,LUNAS
O2,6511030,392000,35,32,SUZUKI,LUNAS
O2,887874,418000,24,43,SUZUKI,LUNAS
O3,1185000,389000,35,40,SUZUKI,LUNAS
O3,2230000,698000,18,47,SUZUKI,LUNAS
O2,1412400,416000,24,40,SUZUKI,LUNAS
O3,1372800,392000,35,38,SUZUKI,LUNAS
O3,954400,392000,35,57,SUZUKI,LUNAS
O3,1060000,303000,36,49,SUZUKI,LUNAS
O3,2011000,348000,36,60,SUZUKI,LUNAS
O3,1730000,381000,36,50,HONDA,LUNAS
O3,1794800,573000,24,39,KAWASAKI,LUNAS
O3,1340000,389000,35,43,SUZUKI,LUNAS
O3,1422000,351000,24,37,SUZUKI,LUNAS
O2,1166000,595000,24,35,SUZUKI,LUNAS
O3,1034900,330000,36,55,SUZUKI,LUNAS
O2,2000000,453000,24,36,SUZUKI,LUNAS
O3,1640000,485000,35,39,SUZUKI,TARIKAN
O3,1525200,422000,36,58,SUZUKI,LUNAS
O2,6664640,427000,36,30,KAWASAKI,LUNAS
O2,1216405,404000,30,27,KAWASAKI,LUNAS
O2,1534000,468000,36,34,HONDA,LUNAS
O2,1370670,392000,35,32,SUZUKI,LUNAS
O2,1440810,450000,35,48,KAWASAKI,LUNAS
O3,967500,563000,29,57,KAWASAKI,LUNAS
O3,1786000,423000,36,43,KAWASAKI,LUNAS
O2,1100000,333000,36,27,SUZUKI,LUNAS
O3,1484000,427000,36,29,KAWASAKI,TARIKAN
O3,1630000,370000,36,51,SUZUKI,LUNAS
O3,1156750,339000,36,34,SUZUKI,LUNAS
O3,2870000,720000,18,39,SUZUKI,LUNAS
O2,1473943,392000,35,38,SUZUKI,LUNAS
O2,1151326,373000,36,32,SUZUKI,LUNAS
O2,1654000,504000,23,53,SUZUKI,LUNAS
O3,2145680,458000,36,48,SUZUKI,LUNAS
O2,1179280,363000,24,49,HONDA,LUNAS
O3,2640000,876000,18,40,HONDA,LUNAS
O3,2082800,475000,36,34,KAWASAKI,LUNAS
O3,1520000,464000,35,45,KAWASAKI,LUNAS
O3,1913000,389000,35,38,SUZUKI,LUNAS
O3,1975360,600000,24,36,SUZUKI,LUNAS
O3,1605400,485000,35,46,SUZUKI,LUNAS
O3,3010000,444000,36,49,SUZUKI,LUNAS
O3,1301280,308000,36,43,SUZUKI,LUNAS
O4,5464000,464000,35,53,KAWASAKI,TARIKAN
O3,1318000,364000,36,33,SUZUKI,LUNAS
O4,6900750,361000,36,54,SUZUKI,LUNAS
O3,1081000,357000,36,43,SUZUKI,LUNAS
O3,1714000,490000,24,50,SUZUKI,LUNAS
O3,2721280,844000,12,34,SUZUKI,LUNAS
O2,831200,370000,36,40,SUZUKI,LUNAS
O3,2200000,678000,12,36,HONDA,LUNAS
O3,4014000,485000,35,50,SUZUKI,LUNAS
O3,3132000,457000,36,47,SUZUKI,LUNAS
O3,2412000,504000,30,43,SUZUKI,LUNAS
O3,1565000,464000,36,43,HONDA,LUNAS
O3,2134600,542000,35,57,SUZUKI,LUNAS
O3,1325175,420000,36,50,KAWASAKI,LUNAS
O3,1517840,502000,35,44,KAWASAKI,LUNAS
O3,1740000,463000,30,57,KAWASAKI,LUNAS
O3,1758000,475000,36,44,KAWASAKI,LUNAS
O2,1900000,595000,24,29,HONDA,LUNAS
O3,1372000,359000,36,43,YAMAHA,LUNAS
O3,1488000,294000,36,30,SUZUKI,LUNAS
O2,1679797,489000,35,32,KAWASAKI,LUNAS
O4,5870000,974000,12,45,HONDA,LUNAS
O2,756471,566000,30,45,YAMAHA,LUNAS
O3,1896000,338000,36,38,KAWASAKI,LUNAS
O2,1450000,453000,36,32,SUZUKI,LUNAS
O3,1975200,621000,24,32,KAWASAKI,LUNAS
O3,1637750,485000,35,41,SUZUKI,LUNAS
O3,2567500,625000,18,44,SUZUKI,LUNAS
O3,2420000,670000,18,47,HONDA,LUNAS
O3,2240000,433000,29,40,SUZUKI,LUNAS
O2,1390000,466000,36,29,KAWASAKI,LUNAS
O3,1530000,507000,35,51,KAWASAKI,LUNAS
O3,1148000,386000,35,50,SUZUKI,LUNAS
O2,1525000,507000,35,53,KAWASAKI,LUNAS
O2,2150300,650000,23,52,KAWASAKI,LUNAS
O3,3640000,1171000,12,54,SUZUKI,LUNAS
O3,3290000,391000,36,45,SUZUKI,LUNAS
O2,6333570,370000,36,34,SUZUKI,LUNAS
O3,1898800,595000,24,44,SUZUKI,LUNAS
O3,1516000,453000,36,48,SUZUKI,LUNAS
O1,1416500,507000,35,52,KAWASAKI,LUNAS
O3,1700000,370000,36,40,SUZUKI,LUNAS
O2,1585000,489000,35,37,KAWASAKI,LUNAS
O2,3536100,476000,35,55,SUZUKI,LUNAS
O3,1593750,487000,36,53,HONDA,LUNAS
O3,2068500,587000,18,50,SUZUKI,LUNAS
O2,1661200,459000,12,56,HONDA,LUNAS
O3,2162225,627000,24,48,HONDA,LUNAS
O3,4081840,490000,36,58,YAMAHA,LUNAS
O2,1810500,594000,18,43,HONDA,LUNAS
O3,4136000,504000,23,49,SUZUKI,LUNAS
O2,1505360,481000,35,36,SUZUKI,LUNAS
O2,1611200,519000,36,53,SUZUKI,LUNAS
O3,1583000,388000,35,38,SUZUKI,LUNAS
O3,1511000,507000,35,47,KAWASAKI,LUNAS
O3,1970360,409000,36,29,SUZUKI,LUNAS
O3,1822000,430000,24,35,SUZUKI,LUNAS
O3,1862480,492000,36,49,HONDA,LUNAS
O3,3125000,802000,17,41,SUZUKI,LUNAS
O2,1360600,467000,36,37,YAMAHA,LUNAS
O3,1716000,341000,24,55,SUZUKI,LUNAS
O3,2200000,492000,24,49,SUZUKI,LUNAS
O2,1673000,494000,30,31,SUZUKI,LUNAS
O3,1800000,547000,24,43,HONDA,LUNAS
O3,1150000,435000,29,61,SUZUKI,LUNAS
O3,4200000,1126000,11,41,HONDA,LUNAS
O2,800000,353000,24,34,SUZUKI,LUNAS
O2,1655500,809000,17,35,SUZUKI,LUNAS
O3,1720000,392000,35,34,SUZUKI,LUNAS
O3,1630000,357000,36,45,SUZUKI,LUNAS
O3,840000,452000,36,39,KAWASAKI,LUNAS
O3,2423000,489000,35,42,SUZUKI,LUNAS
O2,6250000,493000,35,34,KAWASAKI,LUNAS
O3,1378700,452000,36,41,KAWASAKI,LUNAS
O2,1235500,382000,36,33,SUZUKI,LUNAS
O2,2100000,406000,36,38,KAWASAKI,LUNAS
O3,1641000,502000,35,39,KAWASAKI,TARIKAN
O3,2049000,507000,35,39,KAWASAKI,TARIKAN
O2,1661650,550000,24,40,SUZUKI,LUNAS
O2,1550000,485000,35,31,SUZUKI,LUNAS
O3,2090640,507000,35,50,KAWASAKI,LUNAS
O3,777600,370000,36,28,SUZUKI,LUNAS
O3,1911300,500000,35,40,SUZUKI,LUNAS
O2,907500,383000,35,30,SUZUKI,LUNAS
O3,1932400,436000,36,41,SUZUKI,LUNAS
O3,1436000,383000,35,54,SUZUKI,LUNAS
O3,1760000,386000,35,34,SUZUKI,TARIKAN
O2,1258800,409000,36,49,SUZUKI,LUNAS
O3,1825960,392000,35,46,SUZUKI,LUNAS
O3,1310000,370000,36,43,SUZUKI,LUNAS
O3,1227200,382000,36,42,KAWASAKI,LUNAS
O3,1841000,435000,36,37,HONDA,LUNAS
O3,1850000,490000,36,54,SUZUKI,LUNAS
O3,1168000,313000,36,56,YAMAHA,LUNAS
O2,1395250,452000,36,35,KAWASAKI,LUNAS
O2,730860,246000,24,30,SUZUKI,LUNAS
O2,937680,259000,36,39,SUZUKI,LUNAS
O3,1240400,386000,36,58,SUZUKI,LUNAS
O3,1126280,367000,36,46,SUZUKI,LUNAS
O3,1105560,308000,36,28,SUZUKI,LUNAS
O2,1142744,539000,29,39,SUZUKI,LUNAS
O3,1338000,431000,36,23,SUZUKI,LUNAS
O3,1166750,331000,36,43,HONDA,LUNAS
O3,1403600,334000,36,40,SUZUKI,LUNAS
O3,2150000,485000,35,43,SUZUKI,LUNAS
O3,1191600,303000,36,43,SUZUKI,LUNAS
O2,1936745,400000,36,50,SUZUKI,LUNAS
O2,2226050,518000,35,39,SUZUKI,LUNAS
O3,1370000,439000,30,29,SUZUKI,LUNAS
O2,1400000,367000,36,53,SUZUKI,LUNAS
O3,1470900,485000,35,32,SUZUKI,TARIKAN
O3,1564960,435000,36,46,HONDA,LUNAS
O3,2065800,421000,36,49,HONDA,LUNAS
O3,1850000,369000,36,37,SUZUKI,LUNAS
O2,1150000,374000,36,37,SUZUKI,LUNAS
O3,1334580,439000,24,26,KAWASAKI,LUNAS
O3,1723360,517000,35,55,HONDA,LUNAS
O3,1824000,473000,36,31,SUZUKI,LUNAS
O2,1394080,361000,36,48,SUZUKI,LUNAS
O3,1797200,513000,36,58,HONDA,LUNAS
O3,2552000,442000,36,38,SUZUKI,LUNAS
O3,1390000,363000,36,35,SUZUKI,LUNAS
O2,1153947,385000,18,27,SUZUKI,LUNAS
O2,1505000,462000,36,24,SUZUKI,LUNAS
O3,2978220,779000,17,58,SUZUKI,LUNAS
O3,1648800,453000,36,43,HONDA,LUNAS
O3,1417600,390000,30,56,SUZUKI,LUNAS
O2,1388310,383000,35,27,SUZUKI,LUNAS
O3,4545000,444000,30,56,SUZUKI,LUNAS
O3,2440000,388000,35,41,SUZUKI,LUNAS
O3,1544000,257000,30,46,HONDA,LUNAS
O3,1616000,498000,35,46,KAWASAKI,LUNAS
O2,1560240,504000,23,54,SUZUKI,LUNAS
O2,1338700,408000,36,45,SUZUKI,LUNAS
O2,1593662,453000,36,32,SUZUKI,LUNAS
O2,1150000,379000,35,24,SUZUKI,LUNAS
O3,1500000,485000,35,54,SUZUKI,TARIKAN
O3,1429000,362000,36,57,SUZUKI,LUNAS
O2,1263882,427000,36,36,SUZUKI,LUNAS
O1,1779800,392000,35,58,SUZUKI,TARIKAN
O2,845000,392000,35,30,SUZUKI,LUNAS
O3,2600000,779000,17,33,SUZUKI,LUNAS
O3,1200000,392000,35,30,SUZUKI,TARIKAN
O2,2043450,684000,18,36,SUZUKI,LUNAS
O3,1481500,485000,35,50,SUZUKI,LUNAS
O3,1708000,502000,35,44,KAWASAKI,TARIKAN
O2,1550000,507000,35,42,KAWASAKI,LUNAS
O3,2325400,489000,36,45,HONDA,LUNAS
O3,1966800,620000,29,52,HONDA,LUNAS
O3,1052000,486000,24,43,HONDA,LUNAS
O3,3071000,389000,35,41,SUZUKI,LUNAS
O4,6217800,517000,35,52,SUZUKI,LUNAS
O3,3412800,428000,29,52,SUZUKI,LUNAS
O2,3850000,357000,36,52,SUZUKI,LUNAS
O3,1133800,367000,36,42,SUZUKI,TARIKAN
O3,2860000,447000,36,53,HONDA,LUNAS
O1,1406600,485000,35,49,SUZUKI,LUNAS
O3,1756400,586000,12,52,HONDA,LUNAS
O2,1387400,371000,24,42,SUZUKI,LUNAS
O2,1156000,392000,35,43,SUZUKI,LUNAS
O3,1409166,448000,24,57,SUZUKI,LUNAS
O2,2535500,624000,23,35,SUZUKI,LUNAS
O2,1326500,388000,35,30,SUZUKI,LUNAS
O2,1303853,649000,23,35,HONDA,LUNAS
O2,1130532,340000,36,35,SUZUKI,LUNAS
O3,1450985,504000,36,53,HONDA,LUNAS
O3,2840000,383000,36,31,SUZUKI,LUNAS
O2,1118544,485000,35,31,SUZUKI,TARIKAN
O2,1700000,485000,35,43,SUZUKI,LUNAS
O3,2224000,753000,12,41,SUZUKI,LUNAS
O2,1775000,335000,36,45,SUZUKI,LUNAS
O3,1461600,381000,35,43,SUZUKI,LUNAS
O3,1403376,431000,36,47,SUZUKI,LUNAS
O2,1238060,384000,35,31,SUZUKI,LUNAS
O3,2370000,392000,35,48,SUZUKI,LUNAS
O2,1196046,408000,36,26,SUZUKI,LUNAS
O2,1635000,517000,24,27,SUZUKI,LUNAS
O2,1600000,488000,35,43,YAMAHA,LUNAS
O3,2082000,632000,23,39,KAWASAKI,TARIKAN
O2,1754389,450000,30,54,KAWASAKI,LUNAS
O2,1356034,450000,35,39,KAWASAKI,LUNAS
O3,1430705,377000,36,41,KAWASAKI,LUNAS
O2,1240000,392000,36,28,SUZUKI,LUNAS
O3,1993375,515000,30,45,HONDA,LUNAS
O3,1438000,454000,36,29,KAWASAKI,LUNAS
O4,5729000,531000,35,38,HONDA,LUNAS
O3,1830000,370000,36,41,SUZUKI,LUNAS
O1,1604300,536000,24,46,SUZUKI,LUNAS
O3,1990500,485000,35,31,SUZUKI,LUNAS
O3,1920000,485000,35,51,SUZUKI,LUNAS
O3,2160000,379000,35,34,SUZUKI,LUNAS
O3,2680000,485000,35,47,KAWASAKI,LUNAS
O3,1931600,445000,36,37,SUZUKI,LUNAS
O3,1458800,471000,36,28,SUZUKI,LUNAS
O3,2190500,392000,35,52,SUZUKI,LUNAS
O3,2001250,392000,35,60,SUZUKI,TARIKAN
O3,1828800,498000,35,43,KAWASAKI,LUNAS
O2,1565650,462000,36,60,SUZUKI,LUNAS
O3,1799750,528000,29,40,SUZUKI,LUNAS
O3,3536000,400000,36,54,SUZUKI,LUNAS
O2,1150000,370000,36,42,SUZUKI,LUNAS
O3,1279700,379000,35,54,SUZUKI,TARIKAN
O2,1130368,359000,36,28,YAMAHA,LUNAS
O3,1584000,478000,18,31,SUZUKI,LUNAS
O2,1181589,411000,36,31,KAWASAKI,LUNAS
O3,1144805,353000,36,49,SUZUKI,LUNAS
O3,2100000,465000,36,48,HONDA,LUNAS
O3,1346666,367000,30,36,HONDA,LUNAS
O2,2075000,392000,35,31,SUZUKI,LUNAS
O1,1282100,265000,36,56,SUZUKI,LUNAS
O2,879356,271000,24,35,SUZUKI,LUNAS
O1,1435000,507000,35,61,KAWASAKI,TARIKAN
O2,1847642,531000,30,30,SUZUKI,LUNAS
O3,1871875,507000,35,32,KAWASAKI,LUNAS
O4,5300000,348000,36,29,SUZUKI,LUNAS
O2,1124000,379000,35,26,SUZUKI,LUNAS
O2,1095000,370000,36,41,SUZUKI,LUNAS
O2,1026400,304000,36,32,SUZUKI,LUNAS
O3,4240000,384000,35,39,SUZUKI,LUNAS
O3,3529408,662000,23,39,HONDA,LUNAS
O2,1410630,370000,36,34,SUZUKI,LUNAS
O2,1286944,427000,36,33,SUZUKI,LUNAS
O2,1836800,476000,30,26,KAWASAKI,LUNAS
O3,1034166,327000,36,48,SUZUKI,LUNAS
O2,1320175,423000,36,47,HONDA,LUNAS
O3,1428000,485000,35,48,SUZUKI,LUNAS
O3,1167600,302000,30,36,SUZUKI,LUNAS
O3,2212500,476000,35,42,SUZUKI,LUNAS
O3,1188000,375000,36,33,SUZUKI,LUNAS
O2,1190000,335000,36,26,SUZUKI,LUNAS
O2,1970400,670000,24,55,SUZUKI,LUNAS
O4,6807600,624000,23,33,SUZUKI,LUNAS
O2,1800000,496000,35,45,SUZUKI,LUNAS
O2,1460000,374000,36,35,SUZUKI,LUNAS
O2,2577600,370000,36,49,SUZUKI,LUNAS
O3,1565450,524000,24,38,SUZUKI,LUNAS
O1,1431100,473000,36,47,SUZUKI,LUNAS
O3,1058000,309000,36,60,SUZUKI,LUNAS
O3,2178400,691000,18,45,SUZUKI,LUNAS
O3,1186103,345000,36,42,SUZUKI,LUNAS
O3,1386875,427000,36,39,SUZUKI,LUNAS
O2,1919200,618000,23,32,SUZUKI,LUNAS
O2,1599200,485000,35,28,SUZUKI,LUNAS
O3,1184000,353000,36,30,SUZUKI,LUNAS
O3,1175300,375000,36,55,SUZUKI,LUNAS
O2,2068400,541000,29,30,SUZUKI,LUNAS
O3,1050000,288000,24,27,HONDA,LUNAS
O3,720000,498000,35,58,SUZUKI,LUNAS
O3,2062500,453000,36,36,KAWASAKI,LUNAS
O3,2615000,449000,36,38,SUZUKI,LUNAS
O4,5130000,409000,36,53,SUZUKI,LUNAS
O3,1687800,347000,24,37,SUZUKI,LUNAS
O3,2450000,485000,35,33,SUZUKI,LUNAS
O2,1308800,494000,35,54,HONDA,LUNAS
O3,2004000,507000,24,41,SUZUKI,LUNAS
O2,1196963,378000,36,28,SUZUKI,LUNAS
O2,1162113,313000,36,30,KAWASAKI,LUNAS
O3,2250000,505000,35,37,SUZUKI,LUNAS
O2,1285000,392000,35,55,SUZUKI,LUNAS
O2,847780,442000,36,27,SUZUKI,LUNAS
O3,2320000,642000,23,59,SUZUKI,LUNAS
O2,1256900,505000,35,52,SUZUKI,LUNAS
O3,1028750,326000,36,51,KAWASAKI,LUNAS
O2,992000,452000,36,36,SUZUKI,LUNAS
O3,2656000,791000,17,56,SUZUKI,LUNAS
O3,1328040,392000,35,45,SUZUKI,LUNAS
O3,2087500,496000,35,55,SUZUKI,LUNAS
O1,1392400,327000,24,61,SUZUKI,LUNAS
O2,1343200,375000,36,37,SUZUKI,LUNAS
O3,1740000,480000,35,34,SUZUKI,LUNAS
O2,5265000,404000,30,27,SUZUKI,LUNAS
O2,1803500,498000,35,51,SUZUKI,LUNAS
O3,2477750,313000,24,40,HONDA,LUNAS
O2,705675,470000,35,34,SUZUKI,LUNAS
O2,1188300,379000,35,40,SUZUKI,LUNAS
O2,1750000,331000,36,29,SUZUKI,LUNAS
O2,6687500,494000,35,40,KAWASAKI,LUNAS
O2,814500,450000,30,53,SUZUKI,LUNAS
O3,1076000,354000,36,43,SUZUKI,LUNAS
O3,2059200,445000,36,35,SUZUKI,LUNAS
O2,1507000,506000,30,33,SUZUKI,LUNAS
O1,1500000,457000,36,44,KAWASAKI,LUNAS
O3,1130616,348000,36,53,SUZUKI,LUNAS
O3,1301280,399000,36,40,KAWASAKI,LUNAS
O3,2024000,517000,35,55,SUZUKI,LUNAS
O2,766712,511000,24,34,HONDA,LUNAS
O3,1722875,375000,35,45,SUZUKI,LUNAS
O4,7391900,512000,35,49,HONDA,LUNAS
O3,1635000,389000,35,36,SUZUKI,LUNAS
O2,2819000,498000,35,34,SUZUKI,LUNAS
O2,1098414,359000,36,40,YAMAHA,LUNAS
O3,2385000,626000,23,28,SUZUKI,LUNAS
O2,1145154,500000,35,32,SUZUKI,LUNAS
O3,1152675,379000,36,27,SUZUKI,LUNAS
O2,1236750,392000,35,26,SUZUKI,LUNAS
O3,1408000,423000,36,49,SUZUKI,LUNAS
O2,906500,423000,36,36,SUZUKI,LUNAS
O2,1417813,480000,35,56,SUZUKI,LUNAS
O2,6600000,449000,36,62,SUZUKI,LUNAS
O2,2222650,480000,35,37,SUZUKI,LUNAS
O3,1907500,277000,30,51,SUZUKI,LUNAS
O2,1944000,392000,35,38,SUZUKI,LUNAS
O3,1832000,458000,36,32,SUZUKI,TARIKAN
O3,2152500,527000,12,39,SUZUKI,LUNAS
O2,1600000,499000,35,36,KAWASAKI,TARIKAN
O3,1207120,389000,35,52,SUZUKI,LUNAS
O3,2079000,436000,36,31,SUZUKI,LUNAS
O3,1640000,445000,36,42,SUZUKI,LUNAS
O4,7742000,493000,35,43,SUZUKI,LUNAS
O2,1264000,300000,36,34,SUZUKI,LUNAS
O1,1406500,489000,35,44,SUZUKI,LUNAS
O2,2169675,656000,17,44,SUZUKI,LUNAS
O3,1438330,310000,36,56,SUZUKI,LUNAS
O1,2391100,524000,24,48,SUZUKI,LUNAS
O1,1446380,485000,35,56,SUZUKI,LUNAS
O3,1968000,247000,36,33,SUZUKI,LUNAS
O3,1824000,475000,36,43,KAWASAKI,LUNAS
O3,1704400,335000,36,46,SUZUKI,LUNAS
O3,1335100,392000,36,47,SUZUKI,LUNAS
O3,2052400,539000,24,28,KAWASAKI,LUNAS
O1,1060200,362000,36,58,HONDA,LUNAS
O3,4140800,654000,23,47,SUZUKI,LUNAS
O3,1392000,223000,36,52,SUZUKI,LUNAS
O3,1401000,354000,36,49,SUZUKI,LUNAS
O2,1283000,387000,24,38,SUZUKI,LUNAS
O2,1401650,423000,36,32,SUZUKI,LUNAS
O2,2050000,656000,17,50,SUZUKI,LUNAS
O3,1253300,368000,30,38,SUZUKI,LUNAS
O2,1136730,354000,36,31,SUZUKI,LUNAS
O2,3362450,650000,23,48,SUZUKI,LUNAS
O3,1878800,591000,24,44,SUZUKI,LUNAS
O3,1372000,341000,36,35,SUZUKI,LUNAS
O2,1500000,335000,36,44,SUZUKI,LUNAS
O2,936405,304000,36,33,KAWASAKI,LUNAS
O2,1685791,498000,35,32,SUZUKI,LUNAS
O3,914000,293000,36,41,SUZUKI,LUNAS
O3,1965000,432000,36,43,SUZUKI,LUNAS
O3,1976800,494000,35,53,KAWASAKI,LUNAS
O2,2220050,354000,36,38,SUZUKI,LUNAS
O3,1740000,461000,36,49,SUZUKI,LUNAS
O3,1332640,411000,24,46,SUZUKI,LUNAS
O3,2170500,470000,35,46,SUZUKI,LUNAS
O3,1172550,389000,35,41,SUZUKI,LUNAS
O2,1545668,467000,35,29,SUZUKI,LUNAS
O3,2010000,650000,23,49,SUZUKI,LUNAS
O3,1210000,370000,36,56,SUZUKI,LUNAS
O3,2282500,732000,18,43,SUZUKI,LUNAS
O3,1897250,516000,23,53,SUZUKI,LUNAS
O2,1337200,375000,36,37,SUZUKI,LUNAS
O3,1215000,393000,35,27,SUZUKI,LUNAS
O2,1627380,458000,36,42,SUZUKI,LUNAS
O4,6400000,1117000,11,40,KAWASAKI,LUNAS
O3,1461200,452000,30,61,HONDA,LUNAS
O3,1823200,507000,35,32,SUZUKI,LUNAS
O3,2370000,491000,36,33,SUZUKI,LUNAS
O3,3680000,560000,29,37,SUZUKI,LUNAS
O2,1532120,502000,35,55,SUZUKI,LUNAS
O3,1427000,471000,35,60,SUZUKI,LUNAS
O2,1429710,485000,24,50,SUZUKI,LUNAS
O3,1660000,499000,35,37,KAWASAKI,TARIKAN
O2,1273500,375000,35,37,SUZUKI,LUNAS
O3,1222000,295000,36,40,SUZUKI,LUNAS
O3,1896000,500000,35,46,SUZUKI,LUNAS
O2,1805000,397000,35,38,SUZUKI,TARIKAN
O2,1206284,560000,29,32,SUZUKI,LUNAS
O2,2815000,560000,29,41,SUZUKI,LUNAS
O3,1212864,349000,36,39,SUZUKI,LUNAS
O3,1148000,392000,35,36,SUZUKI,LUNAS
O3,1257680,402000,35,38,SUZUKI,LUNAS
O3,1188500,389000,35,42,SUZUKI,LUNAS
O2,1453800,467000,35,33,SUZUKI,LUNAS
O2,1104188,423000,36,31,SUZUKI,LUNAS
O2,2343500,423000,36,45,SUZUKI,LUNAS
O3,1361920,335000,36,54,SUZUKI,LUNAS
O2,4557250,389000,35,29,SUZUKI,LUNAS
O2,1521050,392000,30,39,SUZUKI,LUNAS
O3,1797200,436000,36,56,SUZUKI,LUNAS
O3,1229200,379000,36,38,SUZUKI,LUNAS
O3,1728300,502000,35,36,SUZUKI,LUNAS
O3,1363680,436000,36,34,SUZUKI,LUNAS
O2,1496589,452000,30,44,SUZUKI,LUNAS
O3,939166,323000,36,37,SUZUKI,LUNAS
O3,1655000,367000,36,44,SUZUKI,LUNAS
O3,2750000,527000,23,40,SUZUKI,LUNAS
O3,1150590,371000,36,45,SUZUKI,LUNAS
O3,2669000,805000,17,49,SUZUKI,LUNAS
O3,1880000,396000,36,58,SUZUKI,LUNAS
O3,1240000,389000,36,29,SUZUKI,LUNAS
O3,1727680,542000,36,51,HONDA,LUNAS
O3,1256000,389000,35,48,SUZUKI,TARIKAN
O2,1114070,380000,36,37,SUZUKI,LUNAS
O3,2943500,855000,12,43,SUZUKI,LUNAS
O3,1714970,502000,35,47,SUZUKI,LUNAS
O3,2364550,622000,23,47,KAWASAKI,LUNAS
O4,6485800,476000,35,47,SUZUKI,LUNAS
O3,1522000,498000,35,54,KAWASAKI,LUNAS
O2,1122000,310000,36,54,HONDA,LUNAS
O3,1674000,394000,24,48,SUZUKI,LUNAS
O3,1457200,366000,36,41,SUZUKI,LUNAS
O2,1700000,496000,35,47,SUZUKI,LUNAS
O2,1375710,452000,36,26,SUZUKI,LUNAS
O2,2450000,543000,18,41,SUZUKI,LUNAS
O3,1548400,300000,36,40,SUZUKI,LUNAS
O3,1872000,385000,36,43,HONDA,LUNAS
O3,4827500,1538000,12,50,KAWASAKI,LUNAS
O2,2761750,1140000,11,48,SUZUKI,LUNAS
O1,1512500,650000,23,39,SUZUKI,LUNAS
O3,1696125,425000,36,49,SUZUKI,LUNAS
O2,1531500,484000,35,29,SUZUKI,LUNAS
O3,1708300,487000,24,50,SUZUKI,LUNAS
O2,1361730,393000,35,53,SUZUKI,LUNAS
O2,1425000,472000,24,30,KAWASAKI,LUNAS
O2,1272071,406000,35,32,SUZUKI,LUNAS
O3,1200600,384000,36,51,SUZUKI,LUNAS
O3,2800000,667000,12,42,SUZUKI,LUNAS
O3,2051700,620000,23,49,SUZUKI,LUNAS
O2,1300000,397000,35,38,SUZUKI,LUNAS
O3,1547680,393000,35,52,SUZUKI,LUNAS
O3,4506000,467000,36,53,SUZUKI,LUNAS
O3,1182800,393000,35,37,SUZUKI,TARIKAN
O2,1598500,402000,36,35,SUZUKI,LUNAS
O2,2102850,480000,35,48,SUZUKI,LUNAS
O1,1056800,507000,35,49,SUZUKI,LUNAS
O3,1138800,354000,36,46,SUZUKI,LUNAS
O2,1806850,580000,18,55,SUZUKI,LUNAS
O3,1374000,336000,36,36,SUZUKI,LUNAS
O1,1005900,748000,12,44,SUZUKI,LUNAS
O1,1103500,521000,24,41,SUZUKI,LUNAS
O3,1753750,396000,30,55,SUZUKI,LUNAS
O2,1234670,394000,36,38,SUZUKI,LUNAS
O3,1468000,462000,36,43,SUZUKI,LUNAS
O3,1880000,616000,17,50,SUZUKI,LUNAS
O3,1764500,383000,35,30,SUZUKI,LUNAS
O2,1182900,375000,35,34,SUZUKI,LUNAS
O3,1869000,396000,30,41,SUZUKI,LUNAS
O3,1836500,388000,35,45,SUZUKI,LUNAS
O3,1093400,375000,36,30,KAWASAKI,LUNAS
O3,1250000,375000,36,55,SUZUKI,LUNAS
O3,2761300,389000,36,38,SUZUKI,LUNAS
O1,1315600,388000,35,41,SUZUKI,LUNAS
O4,5252000,400000,36,26,SUZUKI,LUNAS
O3,1488750,496000,23,55,SUZUKI,TARIKAN
O2,1601860,494000,35,35,KAWASAKI,LUNAS
O3,1600000,501000,18,42,HONDA,LUNAS
O2,1232860,414000,36,28,SUZUKI,LUNAS
O2,1710500,475000,24,37,SUZUKI,LUNAS
O2,1244770,400000,24,46,SUZUKI,LUNAS
O3,1534000,433000,12,42,HONDA,LUNAS
O3,4510000,791000,12,40,HONDA,LUNAS
O3,1600400,331000,36,41,SUZUKI,LUNAS
O2,1024141,330000,36,35,SUZUKI,LUNAS
O1,1545452,485000,35,57,SUZUKI,LUNAS
O3,1014166,507000,35,56,SUZUKI,LUNAS
O2,1741102,388000,35,37,SUZUKI,LUNAS
O2,1111928,358000,36,33,SUZUKI,LUNAS
O3,2900000,507000,35,54,SUZUKI,LUNAS
O2,1924300,507000,35,54,SUZUKI,TARIKAN
O2,1444050,446000,24,42,SUZUKI,LUNAS
O2,1500000,502000,35,28,SUZUKI,LUNAS
O2,960042,411000,35,37,SUZUKI,LUNAS
O2,1234000,393000,35,26,SUZUKI,LUNAS
O3,3400000,880000,12,35,SUZUKI,LUNAS
O3,1324500,389000,36,26,SUZUKI,LUNAS
O3,1700000,561000,24,40,KAWASAKI,LUNAS
O3,2625000,412000,24,50,SUZUKI,LUNAS
O2,3952150,436000,30,33,SUZUKI,LUNAS
O3,1520000,363000,36,43,SUZUKI,LUNAS
O3,1720000,566000,24,63,SUZUKI,LUNAS
O3,1705500,390000,24,32,SUZUKI,LUNAS
O3,1060000,300000,36,35,SUZUKI,LUNAS
O3,1890000,389000,35,39,SUZUKI,TARIKAN
O3,2025000,501000,24,40,SUZUKI,LUNAS
O2,1248000,411000,35,34,SUZUKI,LUNAS
O2,1434250,489000,35,26,KAWASAKI,LUNAS
O2,766313,353000,36,38,SUZUKI,LUNAS
O3,1193300,380000,30,46,SUZUKI,LUNAS
O3,1072800,367000,36,41,SUZUKI,LUNAS
O3,1640000,498000,24,39,SUZUKI,LUNAS
O3,2159000,590000,24,56,HONDA,LUNAS
O3,1570000,507000,35,37,SUZUKI,TARIKAN
O3,1800000,300000,36,55,SUZUKI,LUNAS
O2,1780000,620000,23,29,KAWASAKI,LUNAS
O3,2716625,480000,35,38,SUZUKI,LUNAS
O2,2114250,648000,23,40,SUZUKI,LUNAS
O3,1183200,305000,36,31,SUZUKI,LUNAS
O3,2725600,684000,18,39,SUZUKI,LUNAS
O3,1491200,494000,35,30,KAWASAKI,LUNAS
O2,2000000,613000,23,45,SUZUKI,LUNAS
O2,5500000,388000,35,35,SUZUKI,LUNAS
O3,1882000,553000,29,44,SUZUKI,LUNAS
O3,2780000,389000,35,42,SUZUKI,LUNAS
O3,2040000,350000,36,50,SUZUKI,LUNAS
O3,1033875,296000,36,35,SUZUKI,LUNAS
O3,1593750,411000,35,39,SUZUKI,LUNAS
O2,1150000,331000,36,51,SUZUKI,LUNAS
O3,2462000,789000,17,58,KAWASAKI,LUNAS
O3,1212600,389000,35,57,SUZUKI,LUNAS
O3,1715440,458000,36,36,SUZUKI,LUNAS
O3,2070000,443000,36,48,HONDA,LUNAS
O3,1258600,348000,36,27,SUZUKI,LUNAS
O3,2001450,609000,12,43,SUZUKI,LUNAS
O3,1562400,453000,36,40,SUZUKI,LUNAS
O3,2200000,661000,23,38,SUZUKI,LUNAS
O3,1714000,297000,36,43,SUZUKI,LUNAS
O3,1268600,501000,35,41,SUZUKI,LUNAS
O3,1573805,391000,36,42,SUZUKI,LUNAS
O2,1179405,359000,36,28,SUZUKI,LUNAS
O3,1297750,389000,35,32,SUZUKI,LUNAS
O2,1191010,394000,35,38,SUZUKI,LUNAS
O2,895000,394000,35,43,SUZUKI,LUNAS
O2,1933000,625000,29,36,HONDA,LUNAS
O3,1389200,352000,36,51,SUZUKI,LUNAS
O2,1462700,320000,36,32,SUZUKI,LUNAS
O2,1258483,407000,35,32,SUZUKI,LUNAS
O3,1968300,403000,35,34,SUZUKI,LUNAS
O3,1479200,375000,36,60,KAWASAKI,LUNAS
O2,1343200,352000,24,40,SUZUKI,LUNAS
O1,997400,346000,36,61,SUZUKI,LUNAS
O3,1124000,318000,24,59,SUZUKI,LUNAS
O2,1234500,400000,36,35,SUZUKI,LUNAS
O2,1224666,397000,35,53,SUZUKI,LUNAS
O3,2050000,368000,36,46,SUZUKI,LUNAS
O2,4440150,407000,35,53,SUZUKI,LUNAS
O2,1479900,493000,36,35,SUZUKI,LUNAS
O3,1708000,386000,36,52,SUZUKI,LUNAS
O3,3853900,1132000,11,60,HONDA,LUNAS
O2,1200000,584000,35,51,HONDA,LUNAS
O2,1296780,259000,36,44,SUZUKI,LUNAS
O3,1361666,289000,36,49,SUZUKI,LUNAS
O3,2340000,448000,36,40,SUZUKI,LUNAS
O3,1985800,647000,17,42,SUZUKI,LUNAS
O2,2600000,294000,36,38,SUZUKI,LUNAS
O2,1357000,376000,30,42,SUZUKI,LUNAS
O1,1825800,501000,35,49,SUZUKI,LUNAS
O3,1315200,377000,36,43,SUZUKI,LUNAS
O2,1071790,355000,36,30,SUZUKI,LUNAS
O3,1719675,479000,36,51,SUZUKI,LUNAS
O3,1174000,350000,36,46,SUZUKI,LUNAS
O3,1200333,399000,35,34,SUZUKI,LUNAS
O3,1340000,298000,36,40,SUZUKI,LUNAS
O3,1824000,475000,35,44,SUZUKI,LUNAS
O3,1394000,475000,35,58,SUZUKI,LUNAS
O3,1247000,345000,36,45,SUZUKI,LUNAS
O3,945960,276000,36,45,SUZUKI,LUNAS
O2,1546000,476000,35,49,SUZUKI,LUNAS
O2,1200000,385000,35,46,SUZUKI,LUNAS
O3,1282800,440000,24,54,SUZUKI,LUNAS
O3,1422000,462000,35,51,SUZUKI,LUNAS
O3,1718300,501000,35,29,SUZUKI,LUNAS
O3,1865000,452000,24,44,SUZUKI,LUNAS
O2,842080,457000,36,26,SUZUKI,LUNAS
O3,1480000,377000,36,32,KAWASAKI,LUNAS
O1,1230000,233000,30,43,SUZUKI,LUNAS
O3,1517680,409000,36,43,SUZUKI,LUNAS
O3,2028080,608000,23,41,SUZUKI,LUNAS
O1,1453500,407000,35,50,SUZUKI,LUNAS
O3,2400000,538000,24,33,SUZUKI,LUNAS
O3,1310640,390000,35,33,SUZUKI,LUNAS
O3,1568000,457000,35,39,SUZUKI,LUNAS
O1,1711500,389000,35,49,SUZUKI,LUNAS
O3,3854000,479000,35,50,SUZUKI,LUNAS
O3,1764000,501000,35,45,SUZUKI,TARIKAN
O2,1229450,400000,36,29,SUZUKI,LUNAS
O2,1513350,501000,35,28,SUZUKI,LUNAS
O3,900000,489000,35,56,KAWASAKI,TARIKAN
O2,1330180,400000,24,30,HONDA,LUNAS
O3,1565833,399000,30,56,YAMAHA,LUNAS
O3,1600000,489000,35,44,KAWASAKI,LUNAS
O3,1760000,579000,24,43,SUZUKI,LUNAS
O3,2200400,760000,17,44,SUZUKI,LUNAS
O3,2550000,619000,23,49,SUZUKI,LUNAS
O1,1753600,550000,24,55,SUZUKI,LUNAS
O2,5427100,398000,36,43,SUZUKI,LUNAS
O2,1241000,346000,36,36,SUZUKI,LUNAS
O3,1186240,305000,24,58,SUZUKI,LUNAS
O2,1365000,386000,35,36,SUZUKI,LUNAS
O1,1715600,479000,35,61,SUZUKI,LUNAS
O2,992500,440000,30,37,SUZUKI,LUNAS
O3,2000000,556000,18,43,SUZUKI,LUNAS
O3,1392000,418000,36,51,SUZUKI,LUNAS
O2,1022042,504000,36,41,HONDA,LUNAS
O2,1200000,405000,36,30,SUZUKI,LUNAS
O3,1207040,374000,36,44,SUZUKI,LUNAS
O3,1321200,435000,36,27,SUZUKI,LUNAS
O3,1296000,342000,36,40,SUZUKI,LUNAS
O3,1687500,501000,35,34,SUZUKI,LUNAS
O2,1232022,383000,36,29,SUZUKI,LUNAS
O3,1530000,448000,36,48,SUZUKI,LUNAS
O3,2356000,753000,17,55,SUZUKI,LUNAS
O2,1240288,381000,36,39,SUZUKI,LUNAS
O2,1181581,359000,36,39,SUZUKI,LUNAS
O3,1628000,479000,35,56,SUZUKI,LUNAS
O3,1416000,469000,24,37,SUZUKI,LUNAS
O3,1794000,555000,24,30,SUZUKI,LUNAS
O3,1166000,345000,36,46,SUZUKI,LUNAS
O3,1323600,389000,35,39,SUZUKI,TARIKAN
O1,1212500,372000,36,60,SUZUKI,LUNAS
O3,1289166,406000,30,48,SUZUKI,LUNAS
O1,824600,391000,36,38,SUZUKI,LUNAS
O2,1225035,500000,35,54,SUZUKI,LUNAS
O2,1211004,342000,36,41,SUZUKI,LUNAS
O3,1712000,390000,35,44,SUZUKI,LUNAS
O3,1635000,428000,24,40,SUZUKI,LUNAS
O3,2700000,873000,11,39,SUZUKI,TARIKAN
O3,1268000,362000,30,50,SUZUKI,LUNAS
O1,1558400,377000,36,51,SUZUKI,LUNAS
O2,1966561,376000,35,45,SUZUKI,LUNAS
O2,1178276,361000,36,36,SUZUKI,LUNAS
O2,1387000,399000,35,37,SUZUKI,LUNAS
O3,1609600,502000,35,45,KAWASAKI,LUNAS
O1,1283300,388000,36,55,SUZUKI,LUNAS
O3,1409680,444000,36,54,SUZUKI,LUNAS
O3,1859520,622000,18,44,SUZUKI,LUNAS
O3,1917000,302000,36,42,SUZUKI,LUNAS
O3,1350750,440000,36,40,SUZUKI,LUNAS
O2,2673000,925000,11,60,SUZUKI,LUNAS
O3,1217200,346000,36,35,SUZUKI,LUNAS
O2,1320670,440000,36,27,SUZUKI,LUNAS
O3,1182000,394000,35,39,SUZUKI,LUNAS
O2,1502500,449000,36,45,SUZUKI,TARIKAN
O2,1473950,468000,35,52,SUZUKI,LUNAS
O3,1730400,399000,35,33,SUZUKI,LUNAS
O2,1294355,417000,24,40,SUZUKI,LUNAS
O3,2620000,693000,12,41,SUZUKI,LUNAS
O3,1520000,491000,24,40,SUZUKI,LUNAS
O3,916670,280000,36,49,SUZUKI,LUNAS
O2,1115713,369000,36,32,KAWASAKI,LUNAS
O3,4113330,386000,35,53,SUZUKI,LUNAS
O2,1408000,386000,35,32,SUZUKI,LUNAS
O3,1717200,323000,36,48,SUZUKI,TARIKAN
O3,1683200,474000,35,33,SUZUKI,LUNAS
O1,1604200,407000,35,47,SUZUKI,LUNAS
O2,1600000,479000,35,36,KAWASAKI,TARIKAN
O3,1660000,384000,36,50,SUZUKI,LUNAS
O2,1495575,458000,35,27,KAWASAKI,LUNAS
O3,1312600,402000,36,52,KAWASAKI,LUNAS
O2,1350000,457000,36,37,SUZUKI,LUNAS
O2,2024050,603000,24,50,SUZUKI,LUNAS
O2,3169750,519000,29,52,KAWASAKI,LUNAS
O1,1284300,448000,36,60,KAWASAKI,LUNAS
O2,723000,479000,35,53,SUZUKI,LUNAS
O3,2200000,500000,35,49,SUZUKI,LUNAS
O3,1400000,336000,30,51,SUZUKI,LUNAS
O3,1710675,546000,29,47,KAWASAKI,LUNAS
O3,1173400,385000,35,32,SUZUKI,LUNAS
O3,1381280,427000,24,28,SUZUKI,LUNAS
O2,1906050,500000,24,50,SUZUKI,LUNAS
O2,1179405,381000,36,28,SUZUKI,LUNAS
O1,1288200,377000,36,54,SUZUKI,LUNAS
O3,1645355,509000,30,37,SUZUKI,LUNAS
O3,1458300,392000,36,49,SUZUKI,LUNAS
O3,1702900,500000,35,53,SUZUKI,LUNAS
O3,1200700,407000,35,57,SUZUKI,LUNAS
O3,1600000,367000,36,52,KAWASAKI,LUNAS
O3,1519400,502000,35,40,KAWASAKI,LUNAS
O3,2169104,651000,18,45,SUZUKI,LUNAS
O2,1515000,500000,35,33,SUZUKI,LUNAS
O2,1490000,386000,35,66,SUZUKI,LUNAS
O3,1664000,380000,36,57,SUZUKI,LUNAS
O2,2392200,701000,30,30,HONDA,LUNAS
O1,1200000,407000,35,37,SUZUKI,LUNAS
O3,1410000,460000,30,34,SUZUKI,LUNAS
O3,1186500,342000,36,37,SUZUKI,LUNAS
O2,1550000,527000,23,37,SUZUKI,LUNAS
O3,1512400,479000,35,53,SUZUKI,LUNAS
O2,1188700,407000,35,50,SUZUKI,LUNAS
O2,1600000,500000,35,54,SUZUKI,LUNAS
O1,926400,342000,36,56,SUZUKI,LUNAS
O2,1215956,364000,36,26,SUZUKI,LUNAS
O3,1326000,383000,36,44,SUZUKI,LUNAS
O3,1609200,298000,36,43,SUZUKI,LUNAS
O3,1471680,373000,36,43,KAWASAKI,LUNAS
O3,1412500,440000,36,27,SUZUKI,LUNAS
O2,1132100,495000,24,43,KAWASAKI,LUNAS
O3,1625000,435000,36,39,SUZUKI,LUNAS
O2,1234400,411000,30,31,SUZUKI,LUNAS
O2,1383576,377000,35,29,SUZUKI,LUNAS
O3,1264000,360000,36,44,SUZUKI,LUNAS
O2,1394124,407000,35,36,SUZUKI,LUNAS
O3,1535000,527000,23,36,SUZUKI,LUNAS
O2,1456000,500000,35,42,SUZUKI,LUNAS
O2,1275449,353000,36,36,SUZUKI,LUNAS
O2,1340000,435000,36,31,SUZUKI,LUNAS
O2,1025000,386000,35,48,SUZUKI,LUNAS
O3,1590000,298000,36,44,SUZUKI,LUNAS
O3,1288800,377000,36,43,SUZUKI,LUNAS
O1,1688500,500000,35,59,SUZUKI,LUNAS
O2,1501705,509000,23,30,SUZUKI,LUNAS
O3,1442080,474000,35,40,SUZUKI,LUNAS
O3,1800000,435000,36,49,SUZUKI,LUNAS
O3,2060000,405000,36,44,SUZUKI,LUNAS
O3,1586000,381000,36,50,SUZUKI,LUNAS
O2,5950000,993000,12,34,SUZUKI,LUNAS
O3,2000000,566000,24,55,KAWASAKI,LUNAS
O3,1440720,434000,36,33,HONDA,LUNAS
O3,1803200,473000,36,52,SUZUKI,LUNAS
O1,984500,473000,35,55,KAWASAKI,LUNAS
O3,1320000,414000,36,45,SUZUKI,LUNAS
O3,1554000,500000,35,29,SUZUKI,LUNAS
O3,1246000,394000,35,50,SUZUKI,LUNAS
O3,2259500,500000,35,41,SUZUKI,LUNAS
O3,1413340,407000,35,53,SUZUKI,LUNAS
O3,1700000,500000,35,44,SUZUKI,LUNAS
O3,1550000,381000,36,45,SUZUKI,LUNAS
O3,1782000,455000,29,35,SUZUKI,LUNAS
O2,1491000,396000,36,26,SUZUKI,LUNAS
O1,1604200,407000,35,49,SUZUKI,LUNAS
O3,1462000,492000,35,42,SUZUKI,LUNAS
O3,1186000,377000,36,39,SUZUKI,LUNAS
O3,1326000,427000,36,47,SUZUKI,LUNAS
O2,1995060,573000,24,50,SUZUKI,LUNAS
O1,1453500,396000,36,46,SUZUKI,LUNAS
O3,1550000,512000,35,37,HONDA,TARIKAN
O3,1582400,489000,35,37,KAWASAKI,LUNAS
O2,773450,386000,35,32,SUZUKI,LUNAS
O1,1173350,500000,35,45,SUZUKI,LUNAS
O2,1600000,394000,35,40,SUZUKI,TARIKAN
O3,1488333,329000,36,34,SUZUKI,LUNAS
O3,1301280,360000,36,61,SUZUKI,LUNAS
O3,3560000,1054000,11,49,SUZUKI,LUNAS
O3,1976850,648000,23,33,SUZUKI,LUNAS
O1,1428000,305000,36,48,SUZUKI,LUNAS
O3,1401280,390000,36,49,KAWASAKI,LUNAS
O1,2072200,629000,18,58,SUZUKI,LUNAS
O3,1678320,561000,24,43,SUZUKI,LUNAS
O2,1300000,342000,36,34,SUZUKI,LUNAS
O3,4674880,500000,35,42,SUZUKI,TARIKAN
O2,1350000,455000,29,30,SUZUKI,LUNAS
O3,1300000,457000,36,44,SUZUKI,LUNAS
O2,950000,373000,36,31,SUZUKI,LUNAS
O3,1464000,373000,36,47,SUZUKI,LUNAS
O3,1400000,351000,36,52,SUZUKI,LUNAS
O2,1215956,302000,36,26,SUZUKI,LUNAS
O3,1698000,401000,36,55,SUZUKI,TARIKAN
O3,1573600,431000,36,48,SUZUKI,LUNAS
O3,1508650,411000,36,58,KAWASAKI,LUNAS
O3,1218400,367000,36,26,KAWASAKI,LUNAS
O3,2278400,750000,12,49,SUZUKI,LUNAS
O2,1512709,523000,36,51,HONDA,LUNAS
O3,1256000,347000,36,55,SUZUKI,LUNAS
O3,1315000,407000,35,33,SUZUKI,LUNAS
O3,1617600,379000,36,42,SUZUKI,LUNAS
O3,1562000,355000,36,37,SUZUKI,LUNAS
O3,1206400,327000,30,59,SUZUKI,LUNAS
O3,1563750,403000,35,37,SUZUKI,LUNAS
O3,1079667,285000,30,45,SUZUKI,LUNAS
O3,2086000,648000,23,40,SUZUKI,LUNAS
O2,1401510,411000,30,40,SUZUKI,LUNAS
O3,2804785,956000,12,53,SUZUKI,LUNAS
O2,1102250,370000,36,27,SUZUKI,LUNAS
O3,1268280,390000,35,53,SUZUKI,LUNAS
O2,1189405,596000,24,29,SUZUKI,LUNAS
O3,1140000,285000,36,36,SUZUKI,LUNAS
O2,1468480,479000,35,57,SUZUKI,LUNAS
O3,1750000,407000,35,42,SUZUKI,LUNAS
O3,1980000,407000,35,48,SUZUKI,LUNAS
O3,1500000,451000,35,43,KAWASAKI,TARIKAN
O2,1255280,394000,35,38,SUZUKI,LUNAS
O2,1205000,373000,36,33,SUZUKI,TARIKAN
O3,1850000,423000,36,50,SUZUKI,LUNAS
O3,2109600,473000,35,42,KAWASAKI,LUNAS
O3,1408880,473000,35,54,KAWASAKI,LUNAS
O3,1795700,464000,35,61,KAWASAKI,LUNAS
O3,1076667,307000,36,39,SUZUKI,LUNAS
O3,2004320,648000,23,39,SUZUKI,TARIKAN
O3,1480000,418000,36,36,SUZUKI,LUNAS
O3,1522400,407000,35,41,SUZUKI,LUNAS
O2,967200,399000,36,35,KAWASAKI,LUNAS
O2,1332900,388000,36,38,SUZUKI,LUNAS
O3,1572000,473000,35,55,KAWASAKI,LUNAS
O2,911000,399000,35,31,SUZUKI,LUNAS
O2,1310000,360000,36,43,SUZUKI,LUNAS
O2,5217000,648000,23,49,SUZUKI,LUNAS
O1,4964800,489000,35,40,KAWASAKI,LUNAS
O3,1649040,457000,36,27,SUZUKI,LUNAS
O3,1828800,602000,24,43,KAWASAKI,LUNAS
O2,1600000,446000,35,41,KAWASAKI,LUNAS
O3,1783200,473000,35,44,KAWASAKI,LUNAS
O3,1580000,502000,35,45,KAWASAKI,TARIKAN
O3,983440,310000,36,52,SUZUKI,LUNAS
O2,1541000,473000,35,38,KAWASAKI,TARIKAN
O3,1567750,420000,36,28,KAWASAKI,LUNAS
O3,1468000,351000,36,48,SUZUKI,LUNAS
O2,1377740,383000,36,39,SUZUKI,LUNAS
O3,1600800,492000,35,42,SUZUKI,LUNAS
O3,1725000,524000,23,60,SUZUKI,LUNAS
O3,1210400,407000,35,40,SUZUKI,LUNAS
O3,4641400,500000,35,31,SUZUKI,TARIKAN
O2,1347538,386000,35,36,SUZUKI,LUNAS
O3,1910000,602000,23,26,SUZUKI,LUNAS
O3,1438500,473000,35,37,KAWASAKI,LUNAS
O3,1610000,530000,18,46,SUZUKI,LUNAS
O3,1526000,380000,36,44,KAWASAKI,LUNAS
O2,1282600,407000,35,28,SUZUKI,LUNAS
O3,3280000,451000,35,39,KAWASAKI,LUNAS
O3,1401700,474000,35,27,SUZUKI,LUNAS
O3,1112000,368000,35,48,SUZUKI,LUNAS
O2,1115390,320000,36,32,SUZUKI,LUNAS
O2,1281000,407000,35,29,SUZUKI,TARIKAN
O3,1191750,395000,36,42,KAWASAKI,LUNAS
O3,1273200,351000,36,53,SUZUKI,LUNAS
O2,1437290,368000,36,27,SUZUKI,LUNAS
O3,1290000,414000,36,31,SUZUKI,LUNAS
O2,1200000,407000,35,28,SUZUKI,LUNAS
O3,1220560,359000,36,34,KAWASAKI,LUNAS
O2,1620000,500000,35,34,SUZUKI,TARIKAN
O3,1632000,466000,36,33,KAWASAKI,TARIKAN
O3,1600000,466000,35,51,SUZUKI,LUNAS
O2,1125000,362000,36,27,SUZUKI,LUNAS
O3,1461375,407000,35,38,SUZUKI,LUNAS
O3,1568000,473000,35,39,KAWASAKI,LUNAS
O2,1316508,403000,35,25,SUZUKI,LUNAS
O3,1749620,411000,36,40,KAWASAKI,LUNAS
O3,1162000,351000,36,48,SUZUKI,LUNAS
O2,1647850,351000,36,37,SUZUKI,LUNAS
O2,1478017,457000,36,58,SUZUKI,LUNAS
O3,1550000,729000,17,42,KAWASAKI,LUNAS
O1,1287800,644000,23,47,KAWASAKI,LUNAS
O3,1950000,431000,36,39,SUZUKI,LUNAS
O3,1440000,473000,35,50,KAWASAKI,LUNAS
O2,1567900,485000,30,27,SUZUKI,LUNAS
O3,1079200,324000,36,44,HONDA,LUNAS
O3,2650000,674000,23,45,HONDA,LUNAS
O2,1500000,500000,35,48,SUZUKI,LUNAS
O3,868000,407000,36,35,KAWASAKI,LUNAS
O3,1319600,433000,36,35,KAWASAKI,LUNAS
O3,1431000,440000,36,32,SUZUKI,LUNAS
O2,1515175,407000,35,30,SUZUKI,LUNAS
O3,1213000,385000,35,57,SUZUKI,LUNAS
O3,1200000,347000,36,29,SUZUKI,LUNAS
O2,1340000,431000,36,31,SUZUKI,LUNAS
O2,1176236,399000,35,46,SUZUKI,LUNAS
O3,2000000,407000,35,35,SUZUKI,LUNAS
O3,1688000,487000,35,29,SUZUKI,LUNAS
O1,1554100,457000,36,48,SUZUKI,LUNAS
O3,3259000,500000,35,50,SUZUKI,LUNAS
O2,3427940,479000,35,58,SUZUKI,LUNAS
O3,2060000,496000,35,44,SUZUKI,LUNAS
O2,1472793,460000,24,54,SUZUKI,LUNAS
O2,1471101,448000,36,40,SUZUKI,LUNAS
O3,1622000,473000,35,33,KAWASAKI,TARIKAN
O3,3094000,1054000,11,28,SUZUKI,LUNAS
O3,2422000,625000,23,51,SUZUKI,LUNAS
O2,2606400,364000,36,50,SUZUKI,LUNAS
O3,2065600,648000,23,41,SUZUKI,LUNAS
O3,1152040,364000,36,43,SUZUKI,LUNAS
O3,2141000,746000,18,34,SUZUKI,LUNAS
O2,1215956,377000,36,41,SUZUKI,LUNAS
O2,1200000,386000,35,40,SUZUKI,TARIKAN
O3,1443000,381000,35,39,SUZUKI,LUNAS
O3,1550000,360000,36,46,SUZUKI,LUNAS
O2,1854500,392000,36,37,SUZUKI,LUNAS
O3,1612000,521000,18,47,SUZUKI,LUNAS
O3,1574000,386000,35,41,SUZUKI,LUNAS
O2,1282475,407000,35,34,SUZUKI,LUNAS
O3,1430000,407000,35,55,SUZUKI,LUNAS
O3,1370000,435000,36,39,SUZUKI,LUNAS
O2,1305009,427000,36,44,SUZUKI,LUNAS
O3,1545800,407000,35,46,SUZUKI,LUNAS
O3,1309000,326000,36,58,SUZUKI,LUNAS
O2,1497880,470000,35,28,SUZUKI,LUNAS
O2,1532257,427000,36,27,SUZUKI,LUNAS
O3,1455000,407000,35,54,SUZUKI,LUNAS
O5,12080800,377000,24,58,SUZUKI,LUNAS
O3,1534000,500000,24,51,SUZUKI,LUNAS
O3,1184000,300000,36,41,SUZUKI,LUNAS
O3,1260000,364000,36,42,SUZUKI,TARIKAN
O1,1229950,407000,35,43,SUZUKI,LUNAS
O3,1580000,479000,35,47,KAWASAKI,LUNAS
O3,1146000,232000,36,40,SUZUKI,LUNAS
O3,1263280,399000,35,47,SUZUKI,LUNAS
O3,1484800,463000,24,48,SUZUKI,LUNAS
O2,1296000,379000,36,33,SUZUKI,LUNAS
O3,1126000,388000,24,46,SUZUKI,LUNAS
O2,1159500,377000,30,43,SUZUKI,LUNAS
O3,1670000,500000,35,42,SUZUKI,TARIKAN
O3,1460000,401000,36,42,SUZUKI,LUNAS
O1,2041300,500000,35,56,SUZUKI,LUNAS
O3,1300000,414000,36,39,SUZUKI,LUNAS
O3,1434000,390000,35,47,SUZUKI,LUNAS
O3,1546000,500000,35,41,SUZUKI,LUNAS
O1,1113300,500000,30,35,SUZUKI,LUNAS
O1,1482400,470000,35,47,SUZUKI,LUNAS
O2,1220000,315000,36,33,SUZUKI,LUNAS
O2,1350000,372000,30,36,SUZUKI,LUNAS
O2,1247500,429000,36,32,KAWASAKI,LUNAS
O3,2130000,470000,35,46,SUZUKI,LUNAS
O3,1145280,389000,35,27,SUZUKI,LUNAS
O3,3379400,1084000,11,36,KAWASAKI,LUNAS
O2,1500000,446000,35,39,KAWASAKI,TARIKAN
O3,1513600,435000,36,46,SUZUKI,LUNAS
O2,1509333,339000,36,38,SUZUKI,LUNAS
O2,844578,255000,36,31,SUZUKI,LUNAS
O3,1235200,393000,36,37,KAWASAKI,LUNAS
O3,1214400,401000,36,40,SUZUKI,LUNAS
O3,1201500,319000,36,38,SUZUKI,LUNAS
O3,1680000,547000,12,49,SUZUKI,LUNAS
O2,1284100,325000,24,41,SUZUKI,LUNAS
O3,1560000,473000,35,45,KAWASAKI,LUNAS
O2,881432,500000,35,29,SUZUKI,LUNAS
O2,1520737,453000,36,36,SUZUKI,LUNAS
O3,1456395,479000,35,45,SUZUKI,LUNAS
O3,1580000,434000,24,31,SUZUKI,LUNAS
O2,1176236,377000,36,42,SUZUKI,LUNAS
O2,1260000,373000,36,46,SUZUKI,LUNAS
O2,1400000,448000,36,54,SUZUKI,LUNAS
O2,1173179,390000,35,31,SUZUKI,LUNAS
O4,6279600,396000,30,39,SUZUKI,LUNAS
O2,890492,488000,35,31,KAWASAKI,LUNAS
O3,1166000,365000,35,37,YAMAHA,LUNAS
O3,1332640,325000,36,52,SUZUKI,LUNAS
O2,1740150,375000,36,29,SUZUKI,LUNAS
O3,1528000,360000,36,46,SUZUKI,LUNAS
O3,1846400,500000,35,58,SUZUKI,LUNAS
O3,1471600,407000,35,38,SUZUKI,LUNAS
O2,1479649,474000,35,38,SUZUKI,LUNAS
O2,762200,388000,36,28,SUZUKI,LUNAS
O3,1534400,400000,36,43,KAWASAKI,LUNAS
O3,1272040,435000,24,52,SUZUKI,LUNAS
O3,4470000,495000,24,29,KAWASAKI,LUNAS
O3,3560000,1137000,12,39,YAMAHA,LUNAS
O3,1594000,446000,24,40,SUZUKI,LUNAS
O3,4990000,1624000,12,61,KAWASAKI,LUNAS
O3,1202250,354000,24,61,SUZUKI,LUNAS
O3,1596000,510000,35,55,KAWASAKI,TARIKAN
O2,1360150,431000,36,42,SUZUKI,LUNAS
O2,1126000,364000,36,38,SUZUKI,LUNAS
O3,1464000,418000,36,38,SUZUKI,LUNAS
O2,1485252,418000,36,29,SUZUKI,LUNAS
O3,1552000,512000,23,39,YAMAHA,LUNAS
O3,2435800,455000,35,43,KAWASAKI,LUNAS
O3,1868000,495000,23,52,YAMAHA,LUNAS
O3,1372000,452000,35,58,KAWASAKI,TARIKAN
O3,1844000,344000,36,54,SUZUKI,LUNAS
O3,1174800,377000,36,42,SUZUKI,LUNAS
O2,1469252,487000,35,48,SUZUKI,LUNAS
O3,1684000,381000,36,53,SUZUKI,LUNAS
O2,1639312,386000,35,33,SUZUKI,LUNAS
O3,1952400,543000,24,54,KAWASAKI,LUNAS
O2,1475500,473000,35,30,KAWASAKI,LUNAS
O3,1354000,434000,24,48,SUZUKI,LUNAS
O2,1700000,500000,35,47,SUZUKI,LUNAS
O2,1714600,509000,30,46,SUZUKI,LUNAS
O3,2586400,816000,17,53,KAWASAKI,LUNAS
O3,1600000,460000,35,41,KAWASAKI,TARIKAN
O2,1270736,409000,30,28,YAMAHA,LUNAS
O3,1375000,420000,36,60,KAWASAKI,LUNAS
O3,1840000,319000,36,52,KAWASAKI,LUNAS
O3,1202000,386000,35,45,SUZUKI,TARIKAN
O3,1248800,390000,36,37,KAWASAKI,LUNAS
O3,1529000,392000,35,46,SUZUKI,LUNAS
O2,1268000,386000,35,25,SUZUKI,LUNAS
O2,1225000,399000,35,40,SUZUKI,LUNAS
O3,1363680,407000,35,37,SUZUKI,LUNAS
O3,1168400,370000,36,35,SUZUKI,LUNAS
O3,1843200,573000,24,54,SUZUKI,LUNAS
O3,1476000,367000,36,61,SUZUKI,LUNAS
O3,1670240,473000,35,44,KAWASAKI,LUNAS
O3,1512000,382000,35,28,YAMAHA,LUNAS
O3,2200000,650000,23,33,KAWASAKI,LUNAS
O3,1515000,470000,35,40,SUZUKI,LUNAS
O3,2000000,377000,36,46,SUZUKI,LUNAS
O2,1220000,382000,35,30,YAMAHA,LUNAS
O3,1590800,351000,36,56,SUZUKI,LUNAS
O3,1544000,422000,36,35,SUZUKI,LUNAS
O3,1570000,479000,35,32,SUZUKI,LUNAS
O3,1270300,381000,35,49,SUZUKI,TARIKAN
O3,1146000,327000,36,47,SUZUKI,LUNAS
O3,1215500,351000,36,29,SUZUKI,LUNAS
O3,1546000,360000,36,36,SUZUKI,LUNAS
O2,786729,372000,30,35,SUZUKI,LUNAS
O3,1413600,360000,30,48,SUZUKI,LUNAS
O3,936032,473000,35,54,KAWASAKI,LUNAS
O3,1771200,469000,35,27,KAWASAKI,LUNAS
O3,1344000,450000,29,53,YAMAHA,LUNAS
O3,1428000,457000,36,38,KAWASAKI,LUNAS
O2,6500000,523000,36,24,SUZUKI,LUNAS
O3,1184000,386000,35,49,SUZUKI,LUNAS
O3,1358800,403000,35,49,SUZUKI,LUNAS
O1,1451200,460000,24,46,HONDA,LUNAS
O2,1732000,510000,30,30,YAMAHA,LUNAS
O3,1236800,390000,35,38,SUZUKI,TARIKAN
O2,1485252,468000,36,29,SUZUKI,LUNAS
O3,1500000,488000,35,37,KAWASAKI,LUNAS
O3,1478000,446000,35,36,KAWASAKI,LUNAS
O1,929900,457000,36,54,KAWASAKI,LUNAS
O1,1269900,382000,35,59,YAMAHA,LUNAS
O3,4751600,509000,30,36,SUZUKI,LUNAS
O3,1360640,420000,24,52,YAMAHA,LUNAS
O2,1487337,496000,35,35,SUZUKI,LUNAS
O2,1126670,373000,36,30,SUZUKI,LUNAS
O3,1750000,470000,35,49,SUZUKI,LUNAS
O2,1515000,530000,18,35,SUZUKI,LUNAS
O3,1939280,648000,23,28,SUZUKI,LUNAS
O2,890950,534000,29,31,SUZUKI,LUNAS
O3,1376000,428000,36,36,SUZUKI,LUNAS
O3,1538620,681000,18,50,SUZUKI,LUNAS
O2,1219200,473000,35,44,KAWASAKI,LUNAS
O2,1560000,470000,35,40,SUZUKI,LUNAS
O3,2315000,504000,35,58,SUZUKI,LUNAS
O2,1535750,500000,35,37,SUZUKI,LUNAS
O3,1378000,370000,36,35,SUZUKI,LUNAS
O3,1400000,448000,29,27,SUZUKI,LUNAS
O3,1448000,375000,36,43,SUZUKI,LUNAS
O3,1510640,492000,35,42,SUZUKI,LUNAS
O3,1420000,366000,36,39,SUZUKI,LUNAS
O1,1530100,470000,35,61,SUZUKI,LUNAS
O3,2144000,490000,35,56,SUZUKI,LUNAS
O2,1444050,388000,24,38,SUZUKI,LUNAS
O3,1784000,407000,36,43,KAWASAKI,LUNAS
O2,1562400,487000,35,27,SUZUKI,LUNAS
O2,2300000,382000,35,43,YAMAHA,LUNAS
O2,1223433,386000,35,27,SUZUKI,LUNAS
O3,1447600,366000,36,38,SUZUKI,LUNAS
O3,1260000,350000,36,57,SUZUKI,LUNAS
O3,1381600,428000,36,35,SUZUKI,LUNAS
O2,1766966,419000,36,32,SUZUKI,LUNAS
O3,1477200,371000,36,51,SUZUKI,LUNAS
O3,1282800,423000,36,54,SUZUKI,LUNAS
O2,1500000,511000,30,39,SUZUKI,LUNAS
O2,6750000,387000,35,32,SUZUKI,LUNAS
O2,6533320,510000,35,25,KAWASAKI,LUNAS
O3,1314000,387000,35,37,SUZUKI,LUNAS
O2,704320,510000,35,26,KAWASAKI,LUNAS
O3,1586000,413000,36,53,KAWASAKI,LUNAS
O4,7553000,1042000,18,54,HONDA,LUNAS
O3,1660000,344000,36,40,SUZUKI,LUNAS
O3,1250000,348000,36,66,SUZUKI,LUNAS
O3,1878000,569000,24,41,SUZUKI,LUNAS
O3,1064000,322000,36,45,SUZUKI,LUNAS
O2,867500,248000,36,46,SUZUKI,LUNAS
O3,1545625,524000,29,57,KAWASAKI,LUNAS
O3,1539275,361000,24,36,SUZUKI,LUNAS
O3,1169166,510000,35,43,KAWASAKI,TARIKAN
O3,1351000,360000,36,50,YAMAHA,LUNAS
O3,1323040,420000,36,42,KAWASAKI,LUNAS
O3,1382500,466000,30,59,SUZUKI,LUNAS
O2,1047400,322000,36,33,SUZUKI,LUNAS
O2,1650000,423000,36,42,SUZUKI,LUNAS
O3,1355600,429000,36,50,KAWASAKI,LUNAS
O3,1164220,380000,35,43,SUZUKI,LUNAS
O3,1496000,447000,35,38,KAWASAKI,LUNAS
O3,1586600,441000,36,61,SUZUKI,LUNAS
O3,1436000,390000,36,31,KAWASAKI,LUNAS
O3,2013500,477000,24,53,SUZUKI,LUNAS
O3,1317040,374000,36,60,SUZUKI,LUNAS
O3,3231400,1042000,12,55,SUZUKI,LUNAS
O3,1697750,473000,35,46,KAWASAKI,LUNAS
O3,2010000,464000,35,33,KAWASAKI,LUNAS
O2,1038950,340000,36,28,SUZUKI,LUNAS
O3,1286000,388000,36,49,SUZUKI,LUNAS
O3,898100,257000,18,48,HONDA,LUNAS
O1,1056800,501000,24,48,SUZUKI,LUNAS
O2,1044500,321000,24,42,SUZUKI,LUNAS
O3,1025600,279000,36,39,SUZUKI,LUNAS
O2,1260000,374000,36,48,SUZUKI,LUNAS
O3,1374400,395000,35,52,SUZUKI,LUNAS
O3,1339600,414000,36,45,SUZUKI,LUNAS
O3,1286240,362000,36,50,SUZUKI,LUNAS
O3,1521760,389000,35,56,SUZUKI,LUNAS
O1,1312500,978000,11,37,SUZUKI,LUNAS
O2,1347340,449000,36,49,SUZUKI,LUNAS
O3,1613600,500000,35,45,SUZUKI,LUNAS
O3,2424400,481000,35,33,SUZUKI,TARIKAN
O4,6750000,460000,35,32,KAWASAKI,LUNAS
O3,1505200,400000,35,53,SUZUKI,LUNAS
O4,6100000,395000,36,61,HONDA,LUNAS
O3,3296760,510000,35,37,KAWASAKI,LUNAS
O3,2135120,544000,24,50,SUZUKI,LUNAS
O3,1790000,400000,35,32,SUZUKI,LUNAS
O3,1140000,257000,36,46,SUZUKI,LUNAS
O3,1494000,486000,35,50,SUZUKI,LUNAS
O3,1720000,387000,35,45,SUZUKI,LUNAS
O3,1930880,592000,24,34,SUZUKI,LUNAS
O2,700000,348000,36,37,SUZUKI,LUNAS
O3,2700000,475000,35,46,SUZUKI,LUNAS
O2,1373500,455000,18,32,SUZUKI,LUNAS
O2,1193900,380000,36,42,SUZUKI,LUNAS
O2,1121738,486000,35,29,SUZUKI,LUNAS
O3,1523333,475000,36,49,HONDA,LUNAS
O2,1266200,441000,36,29,SUZUKI,LUNAS
O3,1390000,458000,36,52,SUZUKI,LUNAS
O2,1750000,488000,24,32,SUZUKI,LUNAS
O3,1023900,244000,36,38,SUZUKI,LUNAS
O3,1240000,340000,36,64,SUZUKI,LUNAS
O2,1250000,407000,35,28,SUZUKI,LUNAS
O2,1400000,457000,36,48,SUZUKI,LUNAS
O3,1680000,502000,35,55,KAWASAKI,LUNAS
O3,1700000,469000,35,43,KAWASAKI,LUNAS
O3,1478000,467000,35,45,SUZUKI,LUNAS
O2,1235800,353000,36,27,SUZUKI,LUNAS
O2,1050000,335000,36,39,SUZUKI,LUNAS
O3,1269600,407000,30,38,SUZUKI,LUNAS
O2,1198680,367000,36,40,SUZUKI,LUNAS
O3,1525200,490000,35,57,SUZUKI,TARIKAN
O3,1423200,369000,30,47,SUZUKI,LUNAS
O2,5060000,387000,35,26,SUZUKI,LUNAS
O2,1455000,419000,36,36,SUZUKI,LUNAS
O3,1500000,379000,36,38,SUZUKI,LUNAS
O3,1480000,375000,36,44,SUZUKI,LUNAS
O3,1483600,400000,35,45,SUZUKI,LUNAS
O2,1330100,427000,30,30,SUZUKI,LUNAS
O3,1310000,400000,35,49,SUZUKI,LUNAS
O3,1303520,380000,35,61,YAMAHA,LUNAS
O3,1249600,400000,35,37,SUZUKI,LUNAS
O3,1372480,380000,35,61,YAMAHA,LUNAS
O3,1800000,257000,36,44,SUZUKI,LUNAS
O2,1741200,370000,36,43,SUZUKI,LUNAS
O3,810312,380000,35,59,YAMAHA,TARIKAN
O3,2164000,641000,23,49,SUZUKI,LUNAS
O2,1412000,362000,36,31,SUZUKI,LUNAS
O3,1248000,383000,30,46,SUZUKI,LUNAS
O3,1367000,429000,36,28,KAWASAKI,LUNAS
O3,1509000,473000,35,31,KAWASAKI,LUNAS
O3,1572000,447000,35,38,KAWASAKI,LUNAS
O3,1501280,480000,35,49,SUZUKI,LUNAS
O3,1316000,414000,36,49,SUZUKI,LUNAS
O2,890200,357000,36,36,SUZUKI,LUNAS
O3,1689000,540000,24,35,SUZUKI,LUNAS
O3,1522000,486000,35,29,SUZUKI,LUNAS
O3,1414000,443000,24,60,SUZUKI,LUNAS
O3,1273450,340000,36,47,SUZUKI,LUNAS
O3,2057500,475000,35,48,SUZUKI,LUNAS
O3,1911000,540000,29,38,SUZUKI,LUNAS
O2,1248840,400000,36,32,SUZUKI,LUNAS
O3,1401280,366000,36,33,SUZUKI,LUNAS
O3,1104000,296000,36,46,SUZUKI,LUNAS
O3,1390720,455000,30,61,KAWASAKI,LUNAS
O3,1430000,451000,35,58,KAWASAKI,LUNAS
O3,1108080,370000,36,45,SUZUKI,LUNAS
O2,2622312,591000,18,40,SUZUKI,LUNAS
O3,1087000,348000,36,50,SUZUKI,LUNAS
O3,1250000,358000,36,45,KAWASAKI,LUNAS
O3,920000,301000,36,57,SUZUKI,LUNAS
O3,1640000,550000,29,43,SUZUKI,LUNAS
O3,1300000,391000,35,55,SUZUKI,LUNAS
O3,1300000,387000,35,40,SUZUKI,LUNAS
O3,1412000,480000,35,44,SUZUKI,TARIKAN
O2,4971000,395000,35,31,SUZUKI,LUNAS
O3,1372000,373000,24,38,SUZUKI,LUNAS
O2,1210800,385000,24,28,SUZUKI,LUNAS
O2,870454,414000,24,35,SUZUKI,LUNAS
O2,1100460,322000,36,33,SUZUKI,LUNAS
O2,1170000,380000,35,27,YAMAHA,LUNAS
O3,1284000,393000,36,55,SUZUKI,TARIKAN
O2,2475760,361000,36,36,SUZUKI,LUNAS
O3,1890000,590000,24,40,KAWASAKI,LUNAS
O3,1971200,613000,23,39,KAWASAKI,LUNAS
O2,1237659,395000,35,35,SUZUKI,LUNAS
O4,5104850,400000,35,61,SUZUKI,LUNAS
O3,1248000,380000,35,42,YAMAHA,TARIKAN
O3,1820000,436000,36,49,SUZUKI,LUNAS
O3,1587350,522000,23,32,SUZUKI,LUNAS
O2,1721730,490000,35,57,SUZUKI,LUNAS
O3,1251280,375000,36,39,SUZUKI,LUNAS
O2,1398400,480000,35,60,SUZUKI,LUNAS
O2,1235000,379000,36,38,SUZUKI,LUNAS
O2,1644816,447000,35,35,KAWASAKI,LUNAS
O3,1394880,387000,35,53,SUZUKI,LUNAS
O3,1400000,293000,36,43,SUZUKI,LUNAS
O2,1554959,400000,35,32,SUZUKI,LUNAS
O3,1931000,490000,35,48,SUZUKI,LUNAS
O3,1502000,454000,36,39,SUZUKI,LUNAS
O3,1292400,345000,36,49,SUZUKI,LUNAS
O3,1484000,379000,36,49,SUZUKI,LUNAS
O1,1153560,428000,36,46,SUZUKI,LUNAS
O3,1917083,449000,24,44,SUZUKI,LUNAS
O3,1880000,331000,36,41,SUZUKI,LUNAS
O3,1236000,383000,36,31,SUZUKI,LUNAS
O3,1588000,371000,36,40,SUZUKI,LUNAS
O2,1523200,481000,30,34,SUZUKI,LUNAS
O3,1300455,436000,24,44,SUZUKI,LUNAS
O3,1272720,370000,36,37,SUZUKI,LUNAS
O3,1400000,466000,30,48,SUZUKI,LUNAS
O1,1045000,452000,36,33,YAMAHA,LUNAS
O2,1444840,400000,36,49,SUZUKI,LUNAS
O2,1215000,385000,36,27,SUZUKI,LUNAS
O3,1100800,344000,36,27,SUZUKI,LUNAS
O3,1630000,306000,36,45,SUZUKI,LUNAS
O3,1869500,592000,24,37,SUZUKI,LUNAS
O3,1138000,366000,36,40,SUZUKI,LUNAS
O3,1191000,395000,35,31,SUZUKI,TARIKAN
O3,1568800,490000,35,45,SUZUKI,LUNAS
O2,1383142,475000,35,46,SUZUKI,LUNAS
O1,1828800,431000,36,56,KAWASAKI,LUNAS
O3,1665000,490000,35,55,SUZUKI,LUNAS
O2,1635750,353000,36,43,SUZUKI,LUNAS
O3,2794000,400000,35,52,SUZUKI,LUNAS
O3,1439200,346000,30,39,HONDA,LUNAS
O3,1440000,353000,36,30,SUZUKI,LUNAS
O3,1732000,447000,35,33,KAWASAKI,LUNAS
O2,2200000,473000,35,62,KAWASAKI,LUNAS
O3,1489000,419000,36,40,SUZUKI,LUNAS
O3,1422200,441000,36,43,SUZUKI,LUNAS
O3,1620000,340000,36,58,SUZUKI,LUNAS
O3,1306000,387000,35,51,SUZUKI,LUNAS
O3,1552800,490000,35,51,SUZUKI,LUNAS
O3,1854000,395000,35,54,SUZUKI,LUNAS
O2,1466900,318000,36,51,SUZUKI,LUNAS
O1,1206250,353000,36,36,SUZUKI,LUNAS
O2,1600000,480000,35,33,SUZUKI,TARIKAN
O3,1351280,430000,36,28,SUZUKI,LUNAS
O3,1513200,464000,35,43,KAWASAKI,LUNAS
O3,1657440,462000,35,47,SUZUKI,LUNAS
O3,2548000,861000,17,55,SUZUKI,LUNAS
O3,1310000,388000,36,54,SUZUKI,TARIKAN
O3,1451580,475000,35,38,SUZUKI,LUNAS
O3,1526000,480000,35,55,SUZUKI,LUNAS
O3,1508000,379000,36,46,SUZUKI,LUNAS
O3,1321610,387000,35,36,SUZUKI,LUNAS
O2,1160000,387000,35,30,SUZUKI,LUNAS
O2,1200000,419000,36,26,SUZUKI,LUNAS
O3,1314175,400000,35,38,SUZUKI,LUNAS
O2,1234500,400000,35,33,SUZUKI,LUNAS
O3,1530400,454000,24,53,YAMAHA,LUNAS
O3,2620000,850000,11,30,YAMAHA,LUNAS
O3,1234000,380000,35,43,SUZUKI,TARIKAN
O2,1500000,463000,18,43,SUZUKI,LUNAS
O1,1753500,576000,24,53,SUZUKI,LUNAS
O3,1201280,347000,36,38,SUZUKI,LUNAS
O3,1500000,480000,35,43,SUZUKI,LUNAS
O3,1375600,458000,36,53,SUZUKI,LUNAS
O2,1500000,393000,36,50,SUZUKI,LUNAS
O3,1274000,400000,35,61,SUZUKI,LUNAS
O3,1610000,443000,24,34,SUZUKI,LUNAS
O3,1533632,501000,35,51,KAWASAKI,LUNAS
O3,1600000,488000,35,43,KAWASAKI,TARIKAN
O3,1694800,473000,35,49,KAWASAKI,LUNAS
O2,1250000,395000,35,30,SUZUKI,LUNAS
O3,1286000,370000,36,51,SUZUKI,LUNAS
O3,806000,490000,35,33,SUZUKI,LUNAS
O2,1161600,363000,35,37,YAMAHA,LUNAS
O3,1409200,429000,36,55,KAWASAKI,LUNAS
O2,2204700,490000,35,59,SUZUKI,LUNAS
O2,1429992,400000,35,58,SUZUKI,LUNAS
O3,780000,387000,35,53,SUZUKI,LUNAS
O1,1395100,447000,36,47,SUZUKI,LUNAS
O3,1388960,410000,36,51,SUZUKI,LUNAS
O3,1590000,490000,35,38,SUZUKI,LUNAS
O2,2289000,598000,24,38,SUZUKI,LUNAS
O3,1512835,371000,36,53,SUZUKI,LUNAS
O3,1672800,522000,23,39,SUZUKI,LUNAS
O2,883600,535000,29,36,SUZUKI,LUNAS
O3,2195000,471000,35,58,SUZUKI,LUNAS
O3,1332480,349000,36,36,SUZUKI,LUNAS
O3,1593000,522000,23,57,SUZUKI,LUNAS
O3,1500000,473000,35,54,KAWASAKI,LUNAS
O3,1448600,480000,35,40,SUZUKI,LUNAS
O3,1280000,380000,36,48,SUZUKI,LUNAS
O1,1184000,391000,35,50,SUZUKI,LUNAS
O2,2154373,427000,36,58,SUZUKI,LUNAS
O3,1631000,360000,36,46,SUZUKI,LUNAS
O3,1200000,379000,36,38,SUZUKI,LUNAS
O2,1520384,494000,24,32,SUZUKI,LUNAS
O3,1740000,464000,35,49,KAWASAKI,TARIKAN
O3,1570000,478000,35,51,SUZUKI,LUNAS
O3,1663000,400000,35,37,SUZUKI,TARIKAN
O2,1046500,486000,35,32,SUZUKI,TARIKAN
O3,1280000,391000,35,33,SUZUKI,LUNAS
O3,1446000,380000,30,43,SUZUKI,LUNAS
O2,1027950,425000,30,41,KAWASAKI,LUNAS
O3,1424000,365000,36,39,SUZUKI,LUNAS
O3,1272000,346000,30,33,YAMAHA,TARIKAN
O2,1125000,348000,36,35,SUZUKI,LUNAS
O3,1538875,467000,35,51,SUZUKI,LUNAS
O3,1637500,400000,35,34,SUZUKI,LUNAS
O3,1200000,384000,36,49,SUZUKI,LUNAS
O3,1485600,400000,18,38,SUZUKI,LUNAS
O3,1282000,379000,36,40,SUZUKI,LUNAS
O3,1760000,490000,35,39,SUZUKI,LUNAS
O3,1219600,336000,36,44,YAMAHA,LUNAS
O2,911695,499000,35,31,YAMAHA,LUNAS
O2,1170000,380000,35,35,YAMAHA,LUNAS
O2,1178800,380000,35,30,YAMAHA,LUNAS
O3,1256000,380000,35,43,YAMAHA,LUNAS
O2,1430700,400000,35,43,SUZUKI,LUNAS
O3,1746800,502000,35,43,KAWASAKI,LUNAS
O2,1575600,488000,35,33,KAWASAKI,TARIKAN
O3,1382000,380000,36,28,SUZUKI,LUNAS
O3,1588350,379000,36,35,SUZUKI,LUNAS
O3,2686240,827000,12,45,SUZUKI,LUNAS
O3,1512000,438000,24,38,SUZUKI,LUNAS
O3,1468000,463000,35,30,SUZUKI,LUNAS
O3,1578900,510000,35,46,KAWASAKI,TARIKAN
O2,1178000,391000,35,37,SUZUKI,LUNAS
O3,1495840,395000,35,35,SUZUKI,LUNAS
O3,1166300,369000,36,56,SUZUKI,LUNAS
O2,2000000,586000,24,54,SUZUKI,LUNAS
O3,1289440,429000,36,38,KAWASAKI,LUNAS
O3,1489040,469000,35,35,KAWASAKI,TARIKAN
O2,2650350,941000,12,52,SUZUKI,LUNAS
O2,1150000,344000,36,46,SUZUKI,LUNAS
O3,1590000,468000,36,32,SUZUKI,LUNAS
O3,1500000,372000,35,49,SUZUKI,LUNAS
O3,1404000,365000,36,41,SUZUKI,LUNAS
O3,1450000,260000,36,40,SUZUKI,LUNAS
O3,1721600,440000,36,36,KAWASAKI,LUNAS
O3,1690000,451000,35,43,KAWASAKI,TARIKAN
O3,1880000,415000,36,49,SUZUKI,LUNAS
O3,1980000,427000,36,55,SUZUKI,LUNAS
O3,1507360,486000,35,55,SUZUKI,LUNAS
O3,1216000,349000,36,59,SUZUKI,LUNAS
O2,1500000,774000,17,29,SUZUKI,LUNAS
O3,3736800,1137000,11,32,KAWASAKI,LUNAS
O3,2278000,717000,18,52,SUZUKI,LUNAS
O3,1461500,473000,35,48,KAWASAKI,LUNAS
O2,1581500,473000,35,50,KAWASAKI,LUNAS
O3,1700000,519000,35,28,YAMAHA,LUNAS
O3,1295000,336000,36,39,SUZUKI,LUNAS
O2,1113421,463000,35,32,SUZUKI,LUNAS
O2,1971450,372000,35,49,SUZUKI,LUNAS
O2,1488900,377000,36,32,SUZUKI,LUNAS
O3,1680000,480000,35,32,SUZUKI,LUNAS
O3,1420000,415000,36,55,SUZUKI,LUNAS
O3,1150000,245000,36,45,SUZUKI,LUNAS
O2,1152500,380000,35,26,SUZUKI,LUNAS
O3,1530720,480000,35,54,SUZUKI,LUNAS
O3,1642200,510000,24,41,SUZUKI,LUNAS
O3,1566400,451000,35,44,SUZUKI,LUNAS
O2,821100,480000,35,48,SUZUKI,LUNAS
O2,1143000,368000,36,29,KAWASAKI,LUNAS
O2,1180100,372000,35,27,SUZUKI,LUNAS
O3,1580000,495000,24,33,SUZUKI,LUNAS
O3,1308750,245000,36,37,SUZUKI,LUNAS
O3,1780000,315000,36,44,SUZUKI,LUNAS
O3,1625000,400000,35,34,SUZUKI,LUNAS
O2,1245000,393000,35,29,SUZUKI,LUNAS
O2,1325500,477000,24,38,SUZUKI,LUNAS
O3,1945000,532000,29,56,SUZUKI,LUNAS
O3,1759375,532000,29,59,SUZUKI,LUNAS
O3,1650000,361000,36,38,SUZUKI,LUNAS
O2,1150000,380000,35,43,SUZUKI,LUNAS
O3,1728000,411000,36,47,SUZUKI,LUNAS
O3,1302800,328000,36,39,SUZUKI,LUNAS
O3,1780000,463000,35,58,SUZUKI,LUNAS
O3,1443706,408000,36,34,SUZUKI,LUNAS
O3,1325600,295000,36,46,SUZUKI,LUNAS
O3,1950000,320000,36,36,SUZUKI,LUNAS
O3,1796000,440000,36,46,SUZUKI,LUNAS
O3,1375600,349000,36,61,SUZUKI,LUNAS
O3,1349620,254000,36,52,SUZUKI,LUNAS
O3,1695000,516000,24,47,SUZUKI,LUNAS
O3,1297600,320000,24,50,SUZUKI,LUNAS
O2,1034900,283000,36,28,SUZUKI,LUNAS
O3,1641700,494000,30,46,SUZUKI,LUNAS
O3,1767775,385000,35,55,SUZUKI,LUNAS
O3,1467170,419000,36,36,SUZUKI,LUNAS
O3,1750000,540000,12,50,SUZUKI,LUNAS
O3,1064080,237000,36,43,SUZUKI,LUNAS
O2,5763000,398000,36,30,SUZUKI,LUNAS
O2,1251810,300000,36,50,SUZUKI,LUNAS
O3,1222695,360000,36,49,SUZUKI,LUNAS
O3,1888750,458000,35,27,SUZUKI,LUNAS
O2,1425695,419000,30,30,SUZUKI,LUNAS
O3,1464000,423000,36,42,SUZUKI,LUNAS
O3,1496000,371000,30,36,SUZUKI,LUNAS
O2,1206174,393000,35,26,SUZUKI,LUNAS
O2,1202412,381000,36,45,SUZUKI,LUNAS
O3,1790000,539000,23,39,SUZUKI,LUNAS
O3,1255600,393000,35,49,SUZUKI,LUNAS
O2,1373200,415000,36,55,SUZUKI,LUNAS
O3,1425125,457000,36,42,KAWASAKI,LUNAS
O3,1263600,387000,35,39,SUZUKI,LUNAS
O3,1187300,380000,35,41,YAMAHA,LUNAS
O3,3533750,486000,35,52,SUZUKI,LUNAS
O3,1596200,390000,36,45,KAWASAKI,LUNAS
O2,1550000,539000,23,56,SUZUKI,LUNAS
O3,1437890,484000,35,55,SUZUKI,LUNAS
O2,1330100,345000,36,26,YAMAHA,LUNAS
O2,1465000,368000,36,41,SUZUKI,LUNAS
O3,1850400,585000,24,56,KAWASAKI,LUNAS
O3,1950000,440000,36,42,SUZUKI,LUNAS
O3,1697280,486000,35,38,SUZUKI,LUNAS
O3,1301600,356000,36,31,SUZUKI,LUNAS
O3,1345200,356000,36,45,SUZUKI,LUNAS
O3,1344000,389000,35,46,SUZUKI,LUNAS
O3,1550000,459000,35,44,SUZUKI,LUNAS
O3,1688000,479000,35,48,KAWASAKI,LUNAS
O3,1647500,490000,36,51,HONDA,LUNAS
O3,2828000,901000,12,35,YAMAHA,LUNAS
O3,1489675,488000,35,41,KAWASAKI,LUNAS
O2,1421170,472000,35,27,SUZUKI,LUNAS
O2,1227900,385000,35,50,SUZUKI,LUNAS
O3,1482000,385000,35,28,SUZUKI,LUNAS
O1,1933400,287000,36,44,SUZUKI,LUNAS
O3,1064125,328000,36,44,SUZUKI,LUNAS
O2,870000,296000,36,28,YAMAHA,LUNAS
O2,1095500,364000,36,38,SUZUKI,LUNAS
O3,1220000,380000,35,34,SUZUKI,LUNAS
O3,1463600,463000,35,43,SUZUKI,LUNAS
O3,1528500,463000,35,50,SUZUKI,LUNAS
O3,1136200,325000,36,43,SUZUKI,LUNAS
O2,1489000,492000,18,31,SUZUKI,LUNAS
O3,1320000,419000,36,27,SUZUKI,LUNAS
O3,1193400,394000,36,26,SUZUKI,LUNAS
O3,1410000,455000,35,59,SUZUKI,LUNAS
O2,1285000,427000,24,31,SUZUKI,LUNAS
O3,1749620,422000,36,66,KAWASAKI,LUNAS
O3,3014800,977000,12,37,KAWASAKI,LUNAS
O3,1409440,459000,35,47,SUZUKI,LUNAS
O3,1280000,393000,35,48,SUZUKI,LUNAS
O3,1528000,463000,35,45,SUZUKI,LUNAS
O3,1568000,419000,36,32,SUZUKI,LUNAS
O2,1193900,393000,35,30,SUZUKI,LUNAS
O3,1470750,395000,35,58,SUZUKI,LUNAS
O2,1351500,451000,35,35,SUZUKI,LUNAS
O3,1288560,371000,35,43,SUZUKI,LUNAS
O3,1592800,510000,35,43,KAWASAKI,LUNAS
O3,1204800,344000,30,36,SUZUKI,LUNAS
O3,1139000,300000,36,48,SUZUKI,LUNAS
O3,1318000,380000,35,45,SUZUKI,LUNAS
O3,2100000,668000,18,36,SUZUKI,LUNAS
O2,1250238,421000,30,33,SUZUKI,LUNAS
O2,2495000,520000,24,35,KAWASAKI,LUNAS
O3,1580560,453000,36,47,SUZUKI,LUNAS
O2,1400000,469000,35,27,KAWASAKI,LUNAS
O3,1590000,542000,29,39,SUZUKI,LUNAS
O2,1435500,473000,35,27,KAWASAKI,LUNAS
O3,1420000,393000,35,51,SUZUKI,TARIKAN
O3,1213637,372000,35,40,SUZUKI,LUNAS
O3,1401280,396000,36,30,KAWASAKI,LUNAS
O3,1454740,463000,35,29,SUZUKI,TARIKAN
O3,1214400,331000,36,56,SUZUKI,LUNAS
O3,1100640,353000,36,50,YAMAHA,LUNAS
O3,1728800,393000,35,53,SUZUKI,LUNAS
O3,1655200,469000,35,28,KAWASAKI,TARIKAN
O2,1322790,427000,36,33,SUZUKI,LUNAS
O2,1145350,331000,36,41,SUZUKI,LUNAS
O3,1992500,332000,36,60,SUZUKI,LUNAS
O2,1245105,287000,36,37,SUZUKI,LUNAS
O2,1420070,473000,35,39,KAWASAKI,TARIKAN
O2,1202050,311000,36,38,SUZUKI,LUNAS
O3,1620000,199000,24,53,SUZUKI,LUNAS
O2,993750,393000,35,37,SUZUKI,LUNAS
O3,1220800,371000,24,32,SUZUKI,LUNAS
O2,1003350,440000,36,47,SUZUKI,LUNAS
O3,1310000,336000,36,44,SUZUKI,LUNAS
O3,1600000,364000,36,36,SUZUKI,LUNAS
O3,2218800,753000,12,41,SUZUKI,LUNAS
O3,1383200,372000,35,45,SUZUKI,LUNAS
O2,1500000,419000,36,26,SUZUKI,LUNAS
O3,1405600,455000,35,47,SUZUKI,LUNAS
O2,1529500,460000,24,33,SUZUKI,LUNAS
O2,1190000,393000,35,50,SUZUKI,LUNAS
O3,1285000,419000,36,44,SUZUKI,LUNAS
O3,1508000,436000,36,45,SUZUKI,LUNAS
O3,1720000,364000,36,57,SUZUKI,LUNAS
O2,1557260,348000,36,40,SUZUKI,LUNAS
O3,1430000,380000,35,48,SUZUKI,LUNAS
O1,1335800,377000,36,56,SUZUKI,LUNAS
O2,1200000,372000,35,47,SUZUKI,LUNAS
O3,1632000,486000,35,53,SUZUKI,LUNAS
O3,1733000,509000,29,40,SUZUKI,LUNAS
O2,1148645,349000,36,46,SUZUKI,LUNAS
O2,1003200,307000,36,42,SUZUKI,LUNAS
O3,1376080,368000,35,47,SUZUKI,LUNAS
O3,1244000,377000,36,30,SUZUKI,LUNAS
O3,1882925,600000,23,50,SUZUKI,LUNAS
O3,1272000,393000,35,32,SUZUKI,LUNAS
O3,1355600,371000,24,54,SUZUKI,LUNAS
O3,1542000,528000,18,35,SUZUKI,LUNAS
O3,1130400,287000,36,43,SUZUKI,LUNAS
O3,1556400,488000,35,25,KAWASAKI,TARIKAN
O3,1560000,506000,35,38,KAWASAKI,LUNAS
O3,1350500,372000,35,43,SUZUKI,LUNAS
O3,1410000,393000,35,40,SUZUKI,LUNAS
O2,5886010,449000,24,36,SUZUKI,LUNAS
O3,1318000,312000,36,53,SUZUKI,LUNAS
O3,2000800,649000,23,58,KAWASAKI,LUNAS
O3,1514000,473000,35,38,KAWASAKI,TARIKAN
O3,1506800,463000,35,54,SUZUKI,LUNAS
O3,1505440,440000,36,48,SUZUKI,LUNAS
O2,1582300,542000,29,43,SUZUKI,LUNAS
O2,1410400,393000,35,26,SUZUKI,LUNAS
O2,1470000,440000,36,30,SUZUKI,LUNAS
O3,1572000,484000,35,41,SUZUKI,TARIKAN
O2,1389000,459000,35,33,SUZUKI,LUNAS
O3,1547200,457000,36,40,KAWASAKI,LUNAS
O3,1467040,466000,36,52,KAWASAKI,LUNAS
O2,1100000,336000,36,31,SUZUKI,LUNAS
O3,1641600,501000,35,48,KAWASAKI,LUNAS
O2,1584950,380000,35,34,SUZUKI,LUNAS
O3,1309600,404000,30,29,SUZUKI,LUNAS
O2,1246156,373000,36,43,SUZUKI,LUNAS
O2,740991,307000,36,50,SUZUKI,LUNAS
O2,1250000,411000,36,27,SUZUKI,LUNAS
O2,1437819,484000,35,27,SUZUKI,LUNAS
O3,1424200,471000,30,50,SUZUKI,LUNAS
O3,1562000,479000,35,40,KAWASAKI,LUNAS
O2,1192212,380000,35,31,YAMAHA,LUNAS
O3,1440775,368000,35,40,YAMAHA,LUNAS
O3,1268000,393000,35,33,SUZUKI,LUNAS
O3,1622000,510000,35,47,KAWASAKI,LUNAS
O3,1612160,484000,35,50,SUZUKI,LUNAS
O3,1427175,372000,35,55,SUZUKI,LUNAS
O3,1380000,439000,29,37,SUZUKI,LUNAS
O3,1366800,380000,35,52,SUZUKI,LUNAS
O2,884100,204000,24,44,SUZUKI,LUNAS
O3,1505600,473000,35,45,KAWASAKI,LUNAS
O2,962436,328000,36,29,SUZUKI,LUNAS
O3,1723300,476000,35,33,SUZUKI,LUNAS
O3,1409000,280000,36,39,YAMAHA,LUNAS
O3,1310000,409000,30,32,YAMAHA,LUNAS
O2,1111500,368000,35,27,YAMAHA,LUNAS
O3,1850000,468000,24,40,SUZUKI,LUNAS
O3,1334000,372000,35,42,SUZUKI,LUNAS
O3,1263680,372000,35,53,SUZUKI,LUNAS
O3,1230800,349000,36,32,SUZUKI,LUNAS
O2,2094550,471000,24,43,SUZUKI,LUNAS
O2,1038754,460000,12,36,SUZUKI,LUNAS
O3,1888000,419000,36,44,SUZUKI,LUNAS
O3,1660000,484000,35,51,SUZUKI,LUNAS
O3,1261205,387000,30,42,SUZUKI,LUNAS
O2,1620000,393000,35,45,SUZUKI,TARIKAN
O3,1755000,427000,24,55,SUZUKI,LUNAS
O3,1402050,365000,24,51,SUZUKI,LUNAS
O3,1297108,393000,35,38,SUZUKI,LUNAS
O3,1200000,389000,35,32,SUZUKI,LUNAS
O2,1870000,561000,18,30,SUZUKI,LUNAS
O3,1018400,328000,36,38,SUZUKI,LUNAS
O3,1508333,463000,35,55,SUZUKI,LUNAS
O3,1443700,393000,35,45,SUZUKI,TARIKAN
O3,1550000,459000,35,35,SUZUKI,LUNAS
O3,1510000,332000,36,54,SUZUKI,TARIKAN
O2,1172000,385000,35,40,SUZUKI,LUNAS
O1,1373400,325000,24,48,SUZUKI,LUNAS
O3,2032000,472000,24,51,SUZUKI,LUNAS
O3,1524000,440000,36,50,SUZUKI,LUNAS
O3,1206000,356000,36,33,SUZUKI,LUNAS
O3,1218500,393000,35,45,SUZUKI,LUNAS
O2,1200000,355000,36,45,SUZUKI,LUNAS
O2,1495000,440000,36,33,SUZUKI,LUNAS
O3,1174300,328000,36,52,SUZUKI,LUNAS
O3,1183700,393000,35,61,SUZUKI,TARIKAN
O3,1550000,415000,36,54,SUZUKI,LUNAS
O3,1518000,473000,35,39,KAWASAKI,LUNAS
O3,1547500,457000,36,56,KAWASAKI,LUNAS
O3,1561000,407000,36,32,KAWASAKI,LUNAS
O3,1366666,451000,35,51,KAWASAKI,LUNAS
O3,3200000,879000,12,37,SUZUKI,LUNAS
O1,1505000,473000,35,54,KAWASAKI,LUNAS
O3,1860000,462000,36,48,KAWASAKI,LUNAS
O3,3520000,307000,36,41,SUZUKI,TARIKAN
O3,1124000,349000,36,27,SUZUKI,LUNAS
O2,2541150,398000,36,48,SUZUKI,LUNAS
O3,1374000,440000,36,48,SUZUKI,LUNAS
O3,1336800,371000,24,37,SUZUKI,LUNAS
O3,1364000,419000,36,55,SUZUKI,LUNAS
O3,1383270,440000,36,48,SUZUKI,LUNAS
O5,17080000,331000,36,42,SUZUKI,LUNAS
O2,1602500,510000,35,37,KAWASAKI,LUNAS
O2,1447900,479000,35,30,KAWASAKI,LUNAS
O3,853000,460000,35,35,KAWASAKI,LUNAS
O3,1300000,266000,36,44,SUZUKI,LUNAS
O3,1160400,324000,36,52,SUZUKI,LUNAS
O2,959000,419000,30,31,SUZUKI,LUNAS
O3,1682000,477000,24,43,SUZUKI,LUNAS
O3,1627605,344000,30,42,SUZUKI,LUNAS
O3,1464000,484000,35,40,SUZUKI,LUNAS
O2,764718,372000,35,41,SUZUKI,LUNAS
O2,1507455,484000,35,28,SUZUKI,LUNAS
O2,2500000,380000,35,45,SUZUKI,LUNAS
O3,1496000,480000,35,46,SUZUKI,LUNAS
O3,1120000,349000,36,35,SUZUKI,LUNAS
O2,2877162,860000,12,28,SUZUKI,LUNAS
O3,1344000,393000,35,34,SUZUKI,LUNAS
O3,1219100,385000,35,28,SUZUKI,LUNAS
O3,1370000,254000,36,50,SUZUKI,LUNAS
O3,1226800,328000,36,41,SUZUKI,LUNAS
O2,1364826,331000,36,37,SUZUKI,LUNAS
O3,1316000,349000,36,36,SUZUKI,LUNAS
O3,1570000,315000,36,32,SUZUKI,LUNAS
O3,1609440,348000,36,43,SUZUKI,LUNAS
O3,1291200,349000,36,39,SUZUKI,LUNAS
O3,1422000,463000,35,31,SUZUKI,LUNAS
O2,1443440,372000,35,38,SUZUKI,LUNAS
O3,1537200,533000,24,30,SUZUKI,LUNAS
O3,1645600,539000,23,47,SUZUKI,LUNAS
O3,1448000,439000,29,42,SUZUKI,LUNAS
O3,1298400,369000,36,43,SUZUKI,LUNAS
O3,1262000,336000,36,40,SUZUKI,LUNAS
O3,1450000,335000,30,46,SUZUKI,LUNAS
O2,1300000,349000,36,51,SUZUKI,LUNAS
O3,1514000,494000,23,36,SUZUKI,LUNAS
O2,1275200,423000,30,35,SUZUKI,LUNAS
O3,1156000,381000,36,41,SUZUKI,LUNAS
O3,1410000,196000,36,54,SUZUKI,LUNAS
O3,1381280,427000,36,43,SUZUKI,LUNAS
O2,1130000,340000,36,50,YAMAHA,LUNAS
O3,1412000,419000,36,50,SUZUKI,LUNAS
O1,1647000,463000,35,55,SUZUKI,LUNAS
O2,5356000,349000,36,33,SUZUKI,LUNAS
O2,1110500,349000,36,34,SUZUKI,LUNAS
O3,1316000,328000,36,45,SUZUKI,LUNAS
O2,1165308,385000,35,36,SUZUKI,LUNAS
O2,1633700,544000,24,28,SUZUKI,LUNAS
O3,1300000,393000,35,56,SUZUKI,LUNAS
O3,1580000,320000,36,40,SUZUKI,LUNAS
O2,5717550,385000,35,40,SUZUKI,LUNAS
O2,1100000,349000,36,26,SUZUKI,LUNAS
O2,1202150,377000,36,26,SUZUKI,LUNAS
O2,1288223,368000,36,37,SUZUKI,LUNAS
O2,1017500,415000,30,32,SUZUKI,LUNAS
O3,1749620,336000,36,53,SUZUKI,LUNAS
O2,978800,328000,36,27,SUZUKI,LUNAS
O3,1262000,393000,35,50,SUZUKI,LUNAS
O3,1503600,398000,36,43,SUZUKI,LUNAS
O3,1445000,398000,36,42,SUZUKI,LUNAS
O3,1439440,393000,35,45,SUZUKI,TARIKAN
O3,1293200,320000,36,36,SUZUKI,LUNAS
O3,1450000,455000,35,55,SUZUKI,LUNAS
O2,1275200,327000,36,44,SUZUKI,LUNAS
O3,1248000,328000,36,30,SUZUKI,LUNAS
O3,1880000,444000,24,40,SUZUKI,LUNAS
O2,1265000,372000,35,30,YAMAHA,LUNAS
O3,1552000,484000,35,30,SUZUKI,LUNAS
O2,1628500,542000,29,38,SUZUKI,LUNAS
O2,871647,402000,36,33,SUZUKI,LUNAS
O3,1430000,446000,35,43,SUZUKI,LUNAS
O3,1364000,393000,35,33,SUZUKI,LUNAS
O2,1227900,372000,35,33,SUZUKI,LUNAS
O2,935000,276000,36,30,SUZUKI,LUNAS
O3,1409700,440000,36,34,SUZUKI,LUNAS
O2,1210800,299000,36,41,SUZUKI,LUNAS
O2,1264900,419000,36,32,SUZUKI,LUNAS
O2,1475200,484000,35,43,SUZUKI,LUNAS
O2,1162800,398000,36,39,SUZUKI,LUNAS
O3,1296000,393000,35,40,SUZUKI,LUNAS
O2,1233800,372000,35,35,SUZUKI,LUNAS
O3,849167,270000,30,28,SUZUKI,LUNAS
O2,1269650,341000,36,45,SUZUKI,LUNAS
O3,1056300,349000,36,59,SUZUKI,LUNAS
O2,1055080,349000,36,36,SUZUKI,LUNAS
O3,1540000,463000,35,46,SUZUKI,LUNAS
O3,1568300,336000,36,57,SUZUKI,LUNAS
O4,5820000,661000,23,56,KAWASAKI,LUNAS
O4,5344000,591000,24,58,KAWASAKI,LUNAS
O2,1520000,473000,35,30,KAWASAKI,LUNAS
O2,1509167,473000,35,32,KAWASAKI,LUNAS
O3,1435000,330000,36,51,SUZUKI,LUNAS
O3,1148655,368000,36,27,SUZUKI,LUNAS
O3,1714875,510000,35,48,KAWASAKI,LUNAS
O2,1087598,380000,35,29,SUZUKI,LUNAS
O3,1000000,484000,35,54,SUZUKI,LUNAS
O2,1385000,455000,35,33,SUZUKI,LUNAS
O3,1339200,398000,36,51,SUZUKI,LUNAS
O3,1459720,368000,36,42,SUZUKI,LUNAS
O2,1200300,393000,35,29,SUZUKI,LUNAS
O3,1660640,473000,35,32,KAWASAKI,LUNAS
O3,1506400,463000,35,41,SUZUKI,LUNAS
O3,1479655,431000,36,36,SUZUKI,LUNAS
O3,1750000,372000,35,50,SUZUKI,LUNAS
O3,1497000,372000,35,35,SUZUKI,LUNAS
O3,1825000,368000,30,61,SUZUKI,LUNAS
O3,1959600,455000,24,38,SUZUKI,LUNAS
O3,1414560,393000,35,32,SUZUKI,TARIKAN
O2,800000,484000,35,38,SUZUKI,LUNAS
O3,1236240,345000,36,48,SUZUKI,LUNAS
O3,1662000,451000,35,44,SUZUKI,LUNAS
O2,1165308,340000,30,32,SUZUKI,LUNAS
O3,1497440,480000,35,58,SUZUKI,LUNAS
O3,2590000,822000,12,41,SUZUKI,TARIKAN
O2,842690,393000,35,43,SUZUKI,LUNAS
O2,1350000,349000,36,37,SUZUKI,LUNAS
O2,1373600,440000,36,26,SUZUKI,LUNAS
O2,1750700,463000,35,36,SUZUKI,LUNAS
O3,1426000,312000,36,36,SUZUKI,LUNAS
O3,1780000,558000,24,36,HONDA,LUNAS
O3,1139600,349000,36,45,SUZUKI,LUNAS
O3,1310000,336000,36,35,SUZUKI,TARIKAN
O3,1562500,350000,36,39,SUZUKI,LUNAS
O3,1418000,340000,36,50,SUZUKI,LUNAS
O3,1068300,349000,36,48,SUZUKI,LUNAS
O3,1222410,356000,36,61,SUZUKI,LUNAS
O2,1520000,484000,35,30,SUZUKI,LUNAS
O2,1370000,466000,36,28,KAWASAKI,LUNAS
O3,1421600,393000,35,52,SUZUKI,TARIKAN
O3,1672000,531000,35,35,HONDA,LUNAS
O3,4000000,481000,35,45,YAMAHA,LUNAS
O2,1664000,484000,35,30,SUZUKI,LUNAS
O3,1360834,355000,36,46,SUZUKI,LUNAS
O3,1631600,332000,36,34,SUZUKI,LUNAS
O3,1181200,349000,36,41,SUZUKI,LUNAS
O2,1200300,336000,36,28,SUZUKI,LUNAS
O2,1223900,344000,30,46,SUZUKI,LUNAS
O2,1333240,372000,35,48,SUZUKI,LUNAS
O3,1488800,431000,36,45,SUZUKI,TARIKAN
O3,1480720,472000,35,24,SUZUKI,LUNAS
O3,1290000,393000,35,29,SUZUKI,LUNAS
O3,1272000,336000,36,48,SUZUKI,LUNAS
O2,1048900,336000,36,42,SUZUKI,LUNAS
O3,2530000,827000,12,39,SUZUKI,LUNAS
O3,1437000,463000,35,60,SUZUKI,LUNAS
O2,5768000,440000,36,30,SUZUKI,LUNAS
O3,1250000,393000,35,26,SUZUKI,LUNAS
O3,1420000,310000,24,37,SUZUKI,LUNAS
O3,1140000,300000,30,57,SUZUKI,LUNAS
O3,1904000,504000,18,54,SUZUKI,LUNAS
O3,1326200,336000,36,29,SUZUKI,LUNAS
O2,1217114,363000,30,35,SUZUKI,LUNAS
O3,1194000,349000,36,46,SUZUKI,LUNAS
O3,1310000,427000,36,29,SUZUKI,LUNAS
O2,1410000,393000,35,37,SUZUKI,LUNAS
O3,1320000,372000,35,29,SUZUKI,LUNAS
O3,1929200,646000,18,48,SUZUKI,LUNAS
O2,1068800,328000,36,46,SUZUKI,LUNAS
O3,1289200,372000,35,32,SUZUKI,LUNAS
O3,1081200,320000,36,38,SUZUKI,LUNAS
O3,1324500,373000,36,53,SUZUKI,LUNAS
O3,1082000,287000,36,48,SUZUKI,LUNAS
O3,1191000,393000,35,37,SUZUKI,LUNAS
O3,1452000,345000,36,42,SUZUKI,LUNAS
O2,1728150,476000,35,41,SUZUKI,LUNAS
O3,1267360,249000,36,39,SUZUKI,LUNAS
O3,1388120,440000,36,40,SUZUKI,LUNAS
O3,1122800,393000,35,42,SUZUKI,LUNAS
O3,1828000,461000,36,48,SUZUKI,LUNAS
O3,1106400,373000,36,52,SUZUKI,LUNAS
O3,1108000,345000,36,31,SUZUKI,LUNAS
O2,1194336,393000,35,26,SUZUKI,LUNAS
O2,1451965,482000,24,38,SUZUKI,LUNAS
O2,1870050,542000,29,36,SUZUKI,LUNAS
O2,1641000,393000,35,42,SUZUKI,LUNAS
O3,1421600,451000,35,48,KAWASAKI,LUNAS
O2,975000,287000,36,27,SUZUKI,LUNAS
O3,1412500,324000,30,33,SUZUKI,LUNAS
O1,1134700,439000,29,48,SUZUKI,LUNAS
O3,1673805,373000,36,41,SUZUKI,LUNAS
O3,1899200,339000,36,36,SUZUKI,LUNAS
O3,1152000,393000,35,27,SUZUKI,TARIKAN
O2,1064337,352000,30,28,SUZUKI,LUNAS
O3,1490000,372000,35,41,SUZUKI,LUNAS
O3,1560000,488000,24,41,SUZUKI,LUNAS
O3,1509600,463000,35,50,SUZUKI,LUNAS
O3,1538333,364000,36,37,SUZUKI,LUNAS
O3,1330000,459000,35,32,SUZUKI,TARIKAN
O3,1774400,381000,36,56,SUZUKI,LUNAS
O3,1070000,332000,36,58,SUZUKI,LUNAS
O3,1308800,316000,36,48,SUZUKI,LUNAS
O3,1694000,561000,24,54,SUZUKI,LUNAS
O3,1262000,372000,35,35,SUZUKI,LUNAS
O3,1730000,533000,24,40,SUZUKI,LUNAS
O3,1433600,411000,36,44,SUZUKI,LUNAS
